"r01;r02;id;r01;prevta"
"00000000;;54;USUARIO FAENA  BBCA;1.00000
"00000000;;2;L2 VILLARINO;0.00000
"00000000;;52;PM MEAT CHAIN BONARENSE;0.00000
"00000000;;4;L3 P ALTA/SIERRA/MONTE;0.00000
"00000000;;53;MD;0.00000
"00000000;;55;L55 MARTIN LISTA;0.00000
"00000000;;;;0.00000
"00000000;;26;L60 TOTO SAPORE;0.00000
"00000000;;1;L1 COMERCIO;0.00000
"00000000;;41;L41 ENV AL VACIO;0.00000
"00000101;CHORIZO ESPECIAL DE CERDO;53;MD;0.00000
"00000101;CHORIZO ESPECIAL DE CERDO;4;L3 P ALTA/SIERRA/MONTE;9064.80275
"00000101;CHORIZO ESPECIAL DE CERDO;54;USUARIO FAENA  BBCA;1.00000
"00000101;CHORIZO ESPECIAL DE CERDO;52;PM MEAT CHAIN BONARENSE;9013.21300
"00000101;CHORIZO ESPECIAL DE CERDO;26;L60 TOTO SAPORE;14999.99600
"00000101;CHORIZO ESPECIAL DE CERDO;55;L55 MARTIN LISTA;9417.01200
"00000101;CHORIZO ESPECIAL DE CERDO;1;L1 COMERCIO;9064.80275
"00000101;CHORIZO ESPECIAL DE CERDO;41;L41 ENV AL VACIO;0.00000
"00000101;CHORIZO ESPECIAL DE CERDO;2;L2 VILLARINO;9064.80275
"00000102;CHORIZOS COLORADOS;4;L3 P ALTA/SIERRA/MONTE;9064.80275
"00000102;CHORIZOS COLORADOS;53;MD;0.00000
"00000102;CHORIZOS COLORADOS;2;L2 VILLARINO;9064.80275
"00000102;CHORIZOS COLORADOS;26;L60 TOTO SAPORE;0.00000
"00000102;CHORIZOS COLORADOS;54;USUARIO FAENA  BBCA;1.00000
"00000102;CHORIZOS COLORADOS;41;L41 ENV AL VACIO;0.00000
"00000102;CHORIZOS COLORADOS;55;L55 MARTIN LISTA;8635.28600
"00000102;CHORIZOS COLORADOS;52;PM MEAT CHAIN BONARENSE;8635.79200
"00000102;CHORIZOS COLORADOS;1;L1 COMERCIO;9064.80275
"00000103;CHORIZO ESPECIAL;52;PM MEAT CHAIN BONARENSE;0.00000
"00000103;CHORIZO ESPECIAL;4;L3 P ALTA/SIERRA/MONTE;0.00000
"00000103;CHORIZO ESPECIAL;53;MD;0.00000
"00000103;CHORIZO ESPECIAL;26;L60 TOTO SAPORE;0.00000
"00000103;CHORIZO ESPECIAL;54;USUARIO FAENA  BBCA;0.00000
"00000103;CHORIZO ESPECIAL;1;L1 COMERCIO;0.00000
"00000103;CHORIZO ESPECIAL;41;L41 ENV AL VACIO;0.00000
"00000103;CHORIZO ESPECIAL;55;L55 MARTIN LISTA;0.00000
"00000103;CHORIZO ESPECIAL;2;L2 VILLARINO;0.00000
"00000104;CHORIZO COMUN;55;L55 MARTIN LISTA;6106.54000
"00000104;CHORIZO COMUN;2;L2 VILLARINO;6746.96000
"00000104;CHORIZO COMUN;52;PM MEAT CHAIN BONARENSE;6106.45200
"00000104;CHORIZO COMUN;4;L3 P ALTA/SIERRA/MONTE;6746.96000
"00000104;CHORIZO COMUN;53;MD;0.00000
"00000104;CHORIZO COMUN;26;L60 TOTO SAPORE;14355.31900
"00000104;CHORIZO COMUN;54;USUARIO FAENA  BBCA;1.00000
"00000104;CHORIZO COMUN;1;L1 COMERCIO;6746.96000
"00000104;CHORIZO COMUN;41;L41 ENV AL VACIO;0.00000
"00000105;SALCHICHA CRIOLLA;53;MD;0.00000
"00000105;SALCHICHA CRIOLLA;26;L60 TOTO SAPORE;30257.34800
"00000105;SALCHICHA CRIOLLA;52;PM MEAT CHAIN BONARENSE;9072.09600
"00000105;SALCHICHA CRIOLLA;1;L1 COMERCIO;11333.78375
"00000105;SALCHICHA CRIOLLA;41;L41 ENV AL VACIO;224.39550
"00000105;SALCHICHA CRIOLLA;54;USUARIO FAENA  BBCA;1.00000
"00000105;SALCHICHA CRIOLLA;2;L2 VILLARINO;11333.78375
"00000105;SALCHICHA CRIOLLA;4;L3 P ALTA/SIERRA/MONTE;11333.78375
"00000105;SALCHICHA CRIOLLA;55;L55 MARTIN LISTA;9524.37200
"00000106;COPETINEROS;52;PM MEAT CHAIN BONARENSE;9072.05200
"00000106;COPETINEROS;4;L3 P ALTA/SIERRA/MONTE;11333.78375
"00000106;COPETINEROS;55;L55 MARTIN LISTA;9524.37200
"00000106;COPETINEROS;26;L60 TOTO SAPORE;30257.34800
"00000106;COPETINEROS;1;L1 COMERCIO;11333.78375
"00000106;COPETINEROS;41;L41 ENV AL VACIO;224.39669
"00000106;COPETINEROS;54;USUARIO FAENA  BBCA;1.00000
"00000106;COPETINEROS;2;L2 VILLARINO;11333.78375
"00000106;COPETINEROS;53;MD;0.00000
"00000107;CHORIZO CRIOLLO CORTO;1;L1 COMERCIO;7640.91375
"00000107;CHORIZO CRIOLLO CORTO;41;L41 ENV AL VACIO;0.00000
"00000107;CHORIZO CRIOLLO CORTO;55;L55 MARTIN LISTA;1.00000
"00000107;CHORIZO CRIOLLO CORTO;2;L2 VILLARINO;7870.14475
"00000107;CHORIZO CRIOLLO CORTO;52;PM MEAT CHAIN BONARENSE;0.00000
"00000107;CHORIZO CRIOLLO CORTO;4;L3 P ALTA/SIERRA/MONTE;7870.14475
"00000107;CHORIZO CRIOLLO CORTO;53;MD;0.00000
"00000107;CHORIZO CRIOLLO CORTO;26;L60 TOTO SAPORE;0.00000
"00000107;CHORIZO CRIOLLO CORTO;54;USUARIO FAENA  BBCA;1.00000
"00000108;MORCILLA CON NUEZ;4;L3 P ALTA/SIERRA/MONTE;9032.94575
"00000108;MORCILLA CON NUEZ;53;MD;0.00000
"00000108;MORCILLA CON NUEZ;26;L60 TOTO SAPORE;23887.34700
"00000108;MORCILLA CON NUEZ;54;USUARIO FAENA  BBCA;1.00000
"00000108;MORCILLA CON NUEZ;1;L1 COMERCIO;9032.94575
"00000108;MORCILLA CON NUEZ;41;L41 ENV AL VACIO;118.11450
"00000108;MORCILLA CON NUEZ;55;L55 MARTIN LISTA;7851.69000
"00000108;MORCILLA CON NUEZ;2;L2 VILLARINO;9032.94575
"00000108;MORCILLA CON NUEZ;52;PM MEAT CHAIN BONARENSE;7851.60200
"00000109;MORCILLA VASCA  303;26;L60 TOTO SAPORE;23887.34700
"00000109;MORCILLA VASCA  303;54;USUARIO FAENA  BBCA;0.00000
"00000109;MORCILLA VASCA  303;1;L1 COMERCIO;7896.71275
"00000109;MORCILLA VASCA  303;41;L41 ENV AL VACIO;0.00000
"00000109;MORCILLA VASCA  303;55;L55 MARTIN LISTA;6629.60100
"00000109;MORCILLA VASCA  303;2;L2 VILLARINO;7896.71275
"00000109;MORCILLA VASCA  303;52;PM MEAT CHAIN BONARENSE;6629.88700
"00000109;MORCILLA VASCA  303;4;L3 P ALTA/SIERRA/MONTE;8237.60725
"00000109;MORCILLA VASCA  303;53;MD;0.00000
"00000110;HUESOS VACUNOS;1;L1 COMERCIO;0.00000
"00000110;HUESOS VACUNOS;54;USUARIO FAENA  BBCA;1.00000
"00000110;HUESOS VACUNOS;2;L2 VILLARINO;0.00000
"00000110;HUESOS VACUNOS;52;PM MEAT CHAIN BONARENSE;0.00000
"00000110;HUESOS VACUNOS;4;L3 P ALTA/SIERRA/MONTE;0.00000
"00000110;HUESOS VACUNOS;55;L55 MARTIN LISTA;0.00000
"00000110;HUESOS VACUNOS;53;MD;0.00000
"00000110;HUESOS VACUNOS;26;L60 TOTO SAPORE;-758.85700
"00000110;HUESOS VACUNOS;41;L41 ENV AL VACIO;0.00000
"00000111;CUEROS VACUNOS;54;USUARIO FAENA  BBCA;1.00000
"00000111;CUEROS VACUNOS;1;L1 COMERCIO;0.00000
"00000111;CUEROS VACUNOS;41;L41 ENV AL VACIO;0.00000
"00000111;CUEROS VACUNOS;55;L55 MARTIN LISTA;0.00000
"00000111;CUEROS VACUNOS;2;L2 VILLARINO;0.00000
"00000111;CUEROS VACUNOS;52;PM MEAT CHAIN BONARENSE;0.00000
"00000111;CUEROS VACUNOS;4;L3 P ALTA/SIERRA/MONTE;0.00000
"00000111;CUEROS VACUNOS;53;MD;0.00000
"00000111;CUEROS VACUNOS;26;L60 TOTO SAPORE;0.00000
"00000112;MORCILLA C/NUEZ Y ACEITUNAS;52;PM MEAT CHAIN BONARENSE;7851.60200
"00000112;MORCILLA C/NUEZ Y ACEITUNAS;4;L3 P ALTA/SIERRA/MONTE;8237.60725
"00000112;MORCILLA C/NUEZ Y ACEITUNAS;53;MD;0.00000
"00000112;MORCILLA C/NUEZ Y ACEITUNAS;26;L60 TOTO SAPORE;23887.34700
"00000112;MORCILLA C/NUEZ Y ACEITUNAS;54;USUARIO FAENA  BBCA;1.00000
"00000112;MORCILLA C/NUEZ Y ACEITUNAS;1;L1 COMERCIO;9032.94575
"00000112;MORCILLA C/NUEZ Y ACEITUNAS;41;L41 ENV AL VACIO;186.62700
"00000112;MORCILLA C/NUEZ Y ACEITUNAS;55;L55 MARTIN LISTA;1.18800
"00000112;MORCILLA C/NUEZ Y ACEITUNAS;2;L2 VILLARINO;11362.19675
"00000113;MORCILLA BLANCA;1;L1 COMERCIO;11189.77125
"00000113;MORCILLA BLANCA;41;L41 ENV AL VACIO;186.62700
"00000113;MORCILLA BLANCA;55;L55 MARTIN LISTA;7850.70000
"00000113;MORCILLA BLANCA;2;L2 VILLARINO;11676.28750
"00000113;MORCILLA BLANCA;52;PM MEAT CHAIN BONARENSE;7851.60200
"00000113;MORCILLA BLANCA;4;L3 P ALTA/SIERRA/MONTE;0.00000
"00000113;MORCILLA BLANCA;53;MD;0.00000
"00000113;MORCILLA BLANCA;26;L60 TOTO SAPORE;0.00000
"00000113;MORCILLA BLANCA;54;USUARIO FAENA  BBCA;1.00000
"00000117;CHORIZO PARMESANO;1;L1 COMERCIO;11930.31325
"00000117;CHORIZO PARMESANO;2;L2 VILLARINO;11930.31325
"00000117;CHORIZO PARMESANO;54;USUARIO FAENA  BBCA;1.00000
"00000117;CHORIZO PARMESANO;4;L3 P ALTA/SIERRA/MONTE;11930.31325
"00000117;CHORIZO PARMESANO;55;L55 MARTIN LISTA;10877.76800
"00000117;CHORIZO PARMESANO;52;PM MEAT CHAIN BONARENSE;10361.12000
"00000117;CHORIZO PARMESANO;53;MD;0.00000
"00000117;CHORIZO PARMESANO;41;L41 ENV AL VACIO;255.16050
"00000117;CHORIZO PARMESANO;26;L60 TOTO SAPORE;30257.34800
"00000118;CHORIZO ESPECIAL 303;1;L1 COMERCIO;0.00000
"00000118;CHORIZO ESPECIAL 303;41;L41 ENV AL VACIO;0.00000
"00000118;CHORIZO ESPECIAL 303;55;L55 MARTIN LISTA;0.00000
"00000118;CHORIZO ESPECIAL 303;2;L2 VILLARINO;0.00000
"00000118;CHORIZO ESPECIAL 303;52;PM MEAT CHAIN BONARENSE;0.00000
"00000118;CHORIZO ESPECIAL 303;4;L3 P ALTA/SIERRA/MONTE;0.00000
"00000118;CHORIZO ESPECIAL 303;53;MD;0.00000
"00000118;CHORIZO ESPECIAL 303;26;L60 TOTO SAPORE;0.00000
"00000118;CHORIZO ESPECIAL 303;54;USUARIO FAENA  BBCA;0.00000
"00000119;MORCILLA C/VERDEO;53;MD;0.00000
"00000119;MORCILLA C/VERDEO;26;L60 TOTO SAPORE;23887.34700
"00000119;MORCILLA C/VERDEO;54;USUARIO FAENA  BBCA;1.00000
"00000119;MORCILLA C/VERDEO;1;L1 COMERCIO;7896.71275
"00000119;MORCILLA C/VERDEO;41;L41 ENV AL VACIO;186.62810
"00000119;MORCILLA C/VERDEO;55;L55 MARTIN LISTA;7850.70000
"00000119;MORCILLA C/VERDEO;2;L2 VILLARINO;8351.20800
"00000119;MORCILLA C/VERDEO;52;PM MEAT CHAIN BONARENSE;7851.60200
"00000119;MORCILLA C/VERDEO;4;L3 P ALTA/SIERRA/MONTE;8351.20800
"00000121;POLLO FCO;1;L1 COMERCIO;0.00000
"00000121;POLLO FCO;55;L55 MARTIN LISTA;0.00000
"00000121;POLLO FCO;41;L41 ENV AL VACIO;0.00000
"00000121;POLLO FCO;53;MD;0.00000
"00000121;POLLO FCO;2;L2 VILLARINO;0.00000
"00000121;POLLO FCO;52;PM MEAT CHAIN BONARENSE;0.00000
"00000121;POLLO FCO;4;L3 P ALTA/SIERRA/MONTE;0.00000
"00000121;POLLO FCO;54;USUARIO FAENA  BBCA;1.00000
"00000121;POLLO FCO;26;L60 TOTO SAPORE;0.00000
"00000201;JAMON COCIDO;2;L2 VILLARINO;10934.85800
"00000201;JAMON COCIDO;52;PM MEAT CHAIN BONARENSE;10462.70500
"00000201;JAMON COCIDO;4;L3 P ALTA/SIERRA/MONTE;10934.85800
"00000201;JAMON COCIDO;53;MD;0.00000
"00000201;JAMON COCIDO;26;L60 TOTO SAPORE;0.00000
"00000201;JAMON COCIDO;54;USUARIO FAENA  BBCA;1.00000
"00000201;JAMON COCIDO;1;L1 COMERCIO;10934.85800
"00000201;JAMON COCIDO;41;L41 ENV AL VACIO;225.08850
"00000201;JAMON COCIDO;55;L55 MARTIN LISTA;10360.49300
"00000203;PERNIL DE CERDO MITY;26;L60 TOTO SAPORE;24149.60900
"00000203;PERNIL DE CERDO MITY;54;USUARIO FAENA  BBCA;1.00000
"00000203;PERNIL DE CERDO MITY;1;L1 COMERCIO;6345.46000
"00000203;PERNIL DE CERDO MITY;41;L41 ENV AL VACIO;139.40850
"00000203;PERNIL DE CERDO MITY;55;L55 MARTIN LISTA;8288.18100
"00000203;PERNIL DE CERDO MITY;2;L2 VILLARINO;6535.45200
"00000203;PERNIL DE CERDO MITY;52;PM MEAT CHAIN BONARENSE;8369.37200
"00000203;PERNIL DE CERDO MITY;4;L3 P ALTA/SIERRA/MONTE;6535.45200
"00000203;PERNIL DE CERDO MITY;53;MD;0.00000
"00000204;MORTADELA CAÑON;41;L41 ENV AL VACIO;141.75000
"00000204;MORTADELA CAÑON;55;L55 MARTIN LISTA;7602.61700
"00000204;MORTADELA CAÑON;2;L2 VILLARINO;7701.08900
"00000204;MORTADELA CAÑON;52;PM MEAT CHAIN BONARENSE;9133.76200
"00000204;MORTADELA CAÑON;4;L3 P ALTA/SIERRA/MONTE;7701.08900
"00000204;MORTADELA CAÑON;53;MD;0.00000
"00000204;MORTADELA CAÑON;26;L60 TOTO SAPORE;23308.14200
"00000204;MORTADELA CAÑON;54;USUARIO FAENA  BBCA;1.00000
"00000204;MORTADELA CAÑON;1;L1 COMERCIO;7701.08900
"00000205;MORTADELA FAMILIAR;26;L60 TOTO SAPORE;23308.14200
"00000205;MORTADELA FAMILIAR;54;USUARIO FAENA  BBCA;1.00000
"00000205;MORTADELA FAMILIAR;1;L1 COMERCIO;12886.91800
"00000205;MORTADELA FAMILIAR;41;L41 ENV AL VACIO;171.05550
"00000205;MORTADELA FAMILIAR;55;L55 MARTIN LISTA;9044.58500
"00000205;MORTADELA FAMILIAR;2;L2 VILLARINO;12886.91800
"00000205;MORTADELA FAMILIAR;52;PM MEAT CHAIN BONARENSE;9133.76200
"00000205;MORTADELA FAMILIAR;4;L3 P ALTA/SIERRA/MONTE;12886.91800
"00000205;MORTADELA FAMILIAR;53;MD;0.00000
"00000206;SALCHICHON CON JAMON;2;L2 VILLARINO;9755.37200
"00000206;SALCHICHON CON JAMON;52;PM MEAT CHAIN BONARENSE;8411.42500
"00000206;SALCHICHON CON JAMON;4;L3 P ALTA/SIERRA/MONTE;9755.37200
"00000206;SALCHICHON CON JAMON;53;MD;0.00000
"00000206;SALCHICHON CON JAMON;26;L60 TOTO SAPORE;23308.14200
"00000206;SALCHICHON CON JAMON;54;USUARIO FAENA  BBCA;1.00000
"00000206;SALCHICHON CON JAMON;1;L1 COMERCIO;9755.37200
"00000206;SALCHICHON CON JAMON;41;L41 ENV AL VACIO;127.57500
"00000206;SALCHICHON CON JAMON;55;L55 MARTIN LISTA;8329.86000
"00000207;SALCHICHON PRIMAVERA;4;L3 P ALTA/SIERRA/MONTE;8354.73100
"00000207;SALCHICHON PRIMAVERA;53;MD;0.00000
"00000207;SALCHICHON PRIMAVERA;26;L60 TOTO SAPORE;23952.59900
"00000207;SALCHICHON PRIMAVERA;54;USUARIO FAENA  BBCA;1.00000
"00000207;SALCHICHON PRIMAVERA;1;L1 COMERCIO;8354.73100
"00000207;SALCHICHON PRIMAVERA;41;L41 ENV AL VACIO;141.75000
"00000207;SALCHICHON PRIMAVERA;55;L55 MARTIN LISTA;9298.80600
"00000207;SALCHICHON PRIMAVERA;2;L2 VILLARINO;8354.73100
"00000207;SALCHICHON PRIMAVERA;52;PM MEAT CHAIN BONARENSE;10057.15700
"00000208;QUESO DE CERDO;1;L1 COMERCIO;9337.63600
"00000208;QUESO DE CERDO;41;L41 ENV AL VACIO;127.57500
"00000208;QUESO DE CERDO;55;L55 MARTIN LISTA;8179.83100
"00000208;QUESO DE CERDO;2;L2 VILLARINO;9337.63600
"00000208;QUESO DE CERDO;52;PM MEAT CHAIN BONARENSE;8260.29600
"00000208;QUESO DE CERDO;4;L3 P ALTA/SIERRA/MONTE;9337.63600
"00000208;QUESO DE CERDO;53;MD;0.00000
"00000208;QUESO DE CERDO;26;L60 TOTO SAPORE;23952.59900
"00000208;QUESO DE CERDO;54;USUARIO FAENA  BBCA;0.00000
"00000209;MORCILLON CON LENGUA;53;MD;0.00000
"00000209;MORCILLON CON LENGUA;26;L60 TOTO SAPORE;23952.59900
"00000209;MORCILLON CON LENGUA;54;USUARIO FAENA  BBCA;0.00000
"00000209;MORCILLON CON LENGUA;1;L1 COMERCIO;9337.63600
"00000209;MORCILLON CON LENGUA;41;L41 ENV AL VACIO;127.57851
"00000209;MORCILLON CON LENGUA;55;L55 MARTIN LISTA;8179.83100
"00000209;MORCILLON CON LENGUA;2;L2 VILLARINO;9337.63600
"00000209;MORCILLON CON LENGUA;52;PM MEAT CHAIN BONARENSE;8260.29600
"00000209;MORCILLON CON LENGUA;4;L3 P ALTA/SIERRA/MONTE;9337.63600
"00000210;LEBER WURST;1;L1 COMERCIO;0.00000
"00000210;LEBER WURST;26;L60 TOTO SAPORE;24915.63800
"00000210;LEBER WURST;55;L55 MARTIN LISTA;0.00000
"00000210;LEBER WURST;2;L2 VILLARINO;0.00000
"00000210;LEBER WURST;4;L3 P ALTA/SIERRA/MONTE;0.00000
"00000210;LEBER WURST;52;PM MEAT CHAIN BONARENSE;0.00000
"00000210;LEBER WURST;53;MD;0.00000
"00000210;LEBER WURST;54;USUARIO FAENA  BBCA;1.00000
"00000210;LEBER WURST;41;L41 ENV AL VACIO;235.60950
"00000211;SALCHICHA DE VIENA;54;USUARIO FAENA  BBCA;0.00000
"00000211;SALCHICHA DE VIENA;1;L1 COMERCIO;15123.96694
"00000211;SALCHICHA DE VIENA;41;L41 ENV AL VACIO;226.81818
"00000211;SALCHICHA DE VIENA;55;L55 MARTIN LISTA;12178.58400
"00000211;SALCHICHA DE VIENA;2;L2 VILLARINO;15123.96694
"00000211;SALCHICHA DE VIENA;52;PM MEAT CHAIN BONARENSE;12298.00000
"00000211;SALCHICHA DE VIENA;4;L3 P ALTA/SIERRA/MONTE;15123.96694
"00000211;SALCHICHA DE VIENA;53;MD;0.00000
"00000211;SALCHICHA DE VIENA;26;L60 TOTO SAPORE;45011.97800
"00000212;NAKUS;2;L2 VILLARINO;14297.52066
"00000212;NAKUS;52;PM MEAT CHAIN BONARENSE;12298.00000
"00000212;NAKUS;4;L3 P ALTA/SIERRA/MONTE;14297.52066
"00000212;NAKUS;53;MD;0.00000
"00000212;NAKUS;26;L60 TOTO SAPORE;45011.97800
"00000212;NAKUS;54;USUARIO FAENA  BBCA;1.00000
"00000212;NAKUS;1;L1 COMERCIO;14297.52066
"00000212;NAKUS;41;L41 ENV AL VACIO;226.82100
"00000212;NAKUS;55;L55 MARTIN LISTA;12178.58400
"00000213;HAMBURGUESA * 4;54;USUARIO FAENA  BBCA;1.00000
"00000213;HAMBURGUESA * 4;4;L3 P ALTA/SIERRA/MONTE;0.00000
"00000213;HAMBURGUESA * 4;52;PM MEAT CHAIN BONARENSE;0.00000
"00000213;HAMBURGUESA * 4;41;L41 ENV AL VACIO;0.00000
"00000213;HAMBURGUESA * 4;26;L60 TOTO SAPORE;0.00000
"00000213;HAMBURGUESA * 4;53;MD;0.00000
"00000213;HAMBURGUESA * 4;55;L55 MARTIN LISTA;0.00000
"00000213;HAMBURGUESA * 4;1;L1 COMERCIO;0.00000
"00000213;HAMBURGUESA * 4;2;L2 VILLARINO;0.00000
"00000214;HAMBURGUESA * KG;4;L3 P ALTA/SIERRA/MONTE;9330.57851
"00000214;HAMBURGUESA * KG;53;MD;0.00000
"00000214;HAMBURGUESA * KG;26;L60 TOTO SAPORE;24603.09500
"00000214;HAMBURGUESA * KG;54;USUARIO FAENA  BBCA;0.00000
"00000214;HAMBURGUESA * KG;1;L1 COMERCIO;9330.57851
"00000214;HAMBURGUESA * KG;41;L41 ENV AL VACIO;0.00000
"00000214;HAMBURGUESA * KG;55;L55 MARTIN LISTA;9823.91300
"00000214;HAMBURGUESA * KG;2;L2 VILLARINO;9330.57851
"00000214;HAMBURGUESA * KG;52;PM MEAT CHAIN BONARENSE;14515.20400
"00000215;HAMBURGUESAS * 8;52;PM MEAT CHAIN BONARENSE;0.00000
"00000215;HAMBURGUESAS * 8;53;MD;0.00000
"00000215;HAMBURGUESAS * 8;1;L1 COMERCIO;0.00000
"00000215;HAMBURGUESAS * 8;54;USUARIO FAENA  BBCA;1.00000
"00000215;HAMBURGUESAS * 8;2;L2 VILLARINO;0.00000
"00000215;HAMBURGUESAS * 8;4;L3 P ALTA/SIERRA/MONTE;0.00000
"00000215;HAMBURGUESAS * 8;26;L60 TOTO SAPORE;0.00000
"00000215;HAMBURGUESAS * 8;55;L55 MARTIN LISTA;0.00000
"00000215;HAMBURGUESAS * 8;41;L41 ENV AL VACIO;141.75000
"00000216;LONGANIZA ESPA¥OLA;54;USUARIO FAENA  BBCA;0.00000
"00000216;LONGANIZA ESPA¥OLA;1;L1 COMERCIO;17692.35600
"00000216;LONGANIZA ESPA¥OLA;41;L41 ENV AL VACIO;352.04400
"00000216;LONGANIZA ESPA¥OLA;55;L55 MARTIN LISTA;17230.14700
"00000216;LONGANIZA ESPA¥OLA;2;L2 VILLARINO;17692.35600
"00000216;LONGANIZA ESPA¥OLA;52;PM MEAT CHAIN BONARENSE;15785.74800
"00000216;LONGANIZA ESPA¥OLA;4;L3 P ALTA/SIERRA/MONTE;17692.35600
"00000216;LONGANIZA ESPA¥OLA;53;MD;0.00000
"00000216;LONGANIZA ESPA¥OLA;26;L60 TOTO SAPORE;61870.47900
"00000218;RIOJANITOS;4;L3 P ALTA/SIERRA/MONTE;17692.35600
"00000218;RIOJANITOS;53;MD;0.00000
"00000218;RIOJANITOS;26;L60 TOTO SAPORE;61870.47900
"00000218;RIOJANITOS;54;USUARIO FAENA  BBCA;0.00000
"00000218;RIOJANITOS;1;L1 COMERCIO;17692.35600
"00000218;RIOJANITOS;41;L41 ENV AL VACIO;352.04400
"00000218;RIOJANITOS;55;L55 MARTIN LISTA;17230.14700
"00000218;RIOJANITOS;2;L2 VILLARINO;17692.35600
"00000218;RIOJANITOS;52;PM MEAT CHAIN BONARENSE;15785.74800
"00000219;PANCETA SALADA;54;USUARIO FAENA  BBCA;1.00000
"00000219;PANCETA SALADA;1;L1 COMERCIO;18081.81100
"00000219;PANCETA SALADA;41;L41 ENV AL VACIO;379.20750
"00000219;PANCETA SALADA;55;L55 MARTIN LISTA;17995.40600
"00000219;PANCETA SALADA;2;L2 VILLARINO;18081.81100
"00000219;PANCETA SALADA;52;PM MEAT CHAIN BONARENSE;18172.27500
"00000219;PANCETA SALADA;4;L3 P ALTA/SIERRA/MONTE;18081.81100
"00000219;PANCETA SALADA;53;MD;0.00000
"00000219;PANCETA SALADA;26;L60 TOTO SAPORE;61870.47900
"00000220;PANCETA AHUMADA;55;L55 MARTIN LISTA;14221.71300
"00000220;PANCETA AHUMADA;2;L2 VILLARINO;19936.36700
"00000220;PANCETA AHUMADA;52;PM MEAT CHAIN BONARENSE;12704.08700
"00000220;PANCETA AHUMADA;4;L3 P ALTA/SIERRA/MONTE;19936.36700
"00000220;PANCETA AHUMADA;53;MD;0.00000
"00000220;PANCETA AHUMADA;26;L60 TOTO SAPORE;0.00000
"00000220;PANCETA AHUMADA;54;USUARIO FAENA  BBCA;0.00000
"00000220;PANCETA AHUMADA;1;L1 COMERCIO;19936.36700
"00000220;PANCETA AHUMADA;41;L41 ENV AL VACIO;0.00000
"00000222;BONDIOLA;4;L3 P ALTA/SIERRA/MONTE;21525.70200
"00000222;BONDIOLA;53;MD;0.00000
"00000222;BONDIOLA;26;L60 TOTO SAPORE;64304.98800
"00000222;BONDIOLA;54;USUARIO FAENA  BBCA;1.00000
"00000222;BONDIOLA;1;L1 COMERCIO;21525.70200
"00000222;BONDIOLA;41;L41 ENV AL VACIO;590.62810
"00000222;BONDIOLA;55;L55 MARTIN LISTA;18417.38800
"00000222;BONDIOLA;2;L2 VILLARINO;21525.70200
"00000222;BONDIOLA;52;PM MEAT CHAIN BONARENSE;18598.60200
"00000223;JAMON CON HUESO;1;L1 COMERCIO;28504.36600
"00000223;JAMON CON HUESO;41;L41 ENV AL VACIO;466.71450
"00000223;JAMON CON HUESO;55;L55 MARTIN LISTA;19013.33500
"00000223;JAMON CON HUESO;2;L2 VILLARINO;28504.36600
"00000223;JAMON CON HUESO;52;PM MEAT CHAIN BONARENSE;19200.04900
"00000223;JAMON CON HUESO;4;L3 P ALTA/SIERRA/MONTE;28504.36600
"00000223;JAMON CON HUESO;53;MD;0.00000
"00000223;JAMON CON HUESO;26;L60 TOTO SAPORE;64304.98800
"00000223;JAMON CON HUESO;54;USUARIO FAENA  BBCA;1.00000
"00000224;JAMON LISTO MAQUINA;55;L55 MARTIN LISTA;21729.52100
"00000224;JAMON LISTO MAQUINA;2;L2 VILLARINO;35008.27000
"00000224;JAMON LISTO MAQUINA;52;PM MEAT CHAIN BONARENSE;18779.94800
"00000224;JAMON LISTO MAQUINA;4;L3 P ALTA/SIERRA/MONTE;35008.27000
"00000224;JAMON LISTO MAQUINA;53;MD;0.00000
"00000224;JAMON LISTO MAQUINA;26;L60 TOTO SAPORE;70732.89300
"00000224;JAMON LISTO MAQUINA;54;USUARIO FAENA  BBCA;1.00000
"00000224;JAMON LISTO MAQUINA;1;L1 COMERCIO;35008.27000
"00000224;JAMON LISTO MAQUINA;41;L41 ENV AL VACIO;472.29000
"00000225;SALAME MILAN;26;L60 TOTO SAPORE;30545.50400
"00000225;SALAME MILAN;54;USUARIO FAENA  BBCA;0.00000
"00000225;SALAME MILAN;1;L1 COMERCIO;16709.46200
"00000225;SALAME MILAN;41;L41 ENV AL VACIO;275.90850
"00000225;SALAME MILAN;55;L55 MARTIN LISTA;14313.39800
"00000225;SALAME MILAN;2;L2 VILLARINO;16709.46200
"00000225;SALAME MILAN;52;PM MEAT CHAIN BONARENSE;14454.91300
"00000225;SALAME MILAN;4;L3 P ALTA/SIERRA/MONTE;16709.46200
"00000225;SALAME MILAN;53;MD;0.00000
"00000226;CANTIMPALO;2;L2 VILLARINO;16709.46200
"00000226;CANTIMPALO;52;PM MEAT CHAIN BONARENSE;14454.91300
"00000226;CANTIMPALO;4;L3 P ALTA/SIERRA/MONTE;16709.46200
"00000226;CANTIMPALO;53;MD;0.00000
"00000226;CANTIMPALO;26;L60 TOTO SAPORE;30545.50400
"00000226;CANTIMPALO;54;USUARIO FAENA  BBCA;0.00000
"00000226;CANTIMPALO;1;L1 COMERCIO;16709.46200
"00000226;CANTIMPALO;41;L41 ENV AL VACIO;275.90850
"00000226;CANTIMPALO;55;L55 MARTIN LISTA;14313.39800
"00000230;LOMITO AHUMADO NATURAL;26;L60 TOTO SAPORE;47110.60200
"00000230;LOMITO AHUMADO NATURAL;1;L1 COMERCIO;18050.14200
"00000230;LOMITO AHUMADO NATURAL;41;L41 ENV AL VACIO;392.73150
"00000230;LOMITO AHUMADO NATURAL;54;USUARIO FAENA  BBCA;0.00000
"00000230;LOMITO AHUMADO NATURAL;2;L2 VILLARINO;18050.14200
"00000230;LOMITO AHUMADO NATURAL;52;PM MEAT CHAIN BONARENSE;16338.56400
"00000230;LOMITO AHUMADO NATURAL;55;L55 MARTIN LISTA;18550.74100
"00000230;LOMITO AHUMADO NATURAL;4;L3 P ALTA/SIERRA/MONTE;18050.14200
"00000232;JAMON COCIDO GENUINO CON CUERO;41;L41 ENV AL VACIO;224.39550
"00000232;JAMON COCIDO GENUINO CON CUERO;55;L55 MARTIN LISTA;0.00000
"00000232;JAMON COCIDO GENUINO CON CUERO;1;L1 COMERCIO;0.00000
"00000232;JAMON COCIDO GENUINO CON CUERO;52;PM MEAT CHAIN BONARENSE;0.00000
"00000232;JAMON COCIDO GENUINO CON CUERO;53;MD;0.00000
"00000232;JAMON COCIDO GENUINO CON CUERO;2;L2 VILLARINO;0.00000
"00000232;JAMON COCIDO GENUINO CON CUERO;26;L60 TOTO SAPORE;0.00000
"00000232;JAMON COCIDO GENUINO CON CUERO;54;USUARIO FAENA  BBCA;1.00000
"00000232;JAMON COCIDO GENUINO CON CUERO;4;L3 P ALTA/SIERRA/MONTE;0.00000
"00000233;JAMON COCIDO NATURAL;41;L41 ENV AL VACIO;0.00000
"00000233;JAMON COCIDO NATURAL;1;L1 COMERCIO;0.00000
"00000233;JAMON COCIDO NATURAL;55;L55 MARTIN LISTA;0.00000
"00000233;JAMON COCIDO NATURAL;2;L2 VILLARINO;0.00000
"00000233;JAMON COCIDO NATURAL;52;PM MEAT CHAIN BONARENSE;0.00000
"00000233;JAMON COCIDO NATURAL;53;MD;0.00000
"00000233;JAMON COCIDO NATURAL;26;L60 TOTO SAPORE;34499.63000
"00000233;JAMON COCIDO NATURAL;4;L3 P ALTA/SIERRA/MONTE;0.00000
"00000233;JAMON COCIDO NATURAL;54;USUARIO FAENA  BBCA;1.00000
"00000234;SALAMIN PIC. GRUESO EST.CAMPO X KG.;26;L60 TOTO SAPORE;61870.34700
"00000234;SALAMIN PIC. GRUESO EST.CAMPO X KG.;54;USUARIO FAENA  BBCA;0.00000
"00000234;SALAMIN PIC. GRUESO EST.CAMPO X KG.;1;L1 COMERCIO;18183.82500
"00000234;SALAMIN PIC. GRUESO EST.CAMPO X KG.;41;L41 ENV AL VACIO;352.04400
"00000234;SALAMIN PIC. GRUESO EST.CAMPO X KG.;55;L55 MARTIN LISTA;17230.14700
"00000234;SALAMIN PIC. GRUESO EST.CAMPO X KG.;2;L2 VILLARINO;18183.82500
"00000234;SALAMIN PIC. GRUESO EST.CAMPO X KG.;52;PM MEAT CHAIN BONARENSE;16146.46000
"00000234;SALAMIN PIC. GRUESO EST.CAMPO X KG.;4;L3 P ALTA/SIERRA/MONTE;18183.82500
"00000234;SALAMIN PIC. GRUESO EST.CAMPO X KG.;53;MD;0.00000
"00000236;LONGANIZA NAPOLITANA;2;L2 VILLARINO;16807.27400
"00000236;LONGANIZA NAPOLITANA;52;PM MEAT CHAIN BONARENSE;16146.46000
"00000236;LONGANIZA NAPOLITANA;4;L3 P ALTA/SIERRA/MONTE;16807.27400
"00000236;LONGANIZA NAPOLITANA;53;MD;0.00000
"00000236;LONGANIZA NAPOLITANA;26;L60 TOTO SAPORE;61870.34700
"00000236;LONGANIZA NAPOLITANA;54;USUARIO FAENA  BBCA;0.00000
"00000236;LONGANIZA NAPOLITANA;1;L1 COMERCIO;16318.18100
"00000236;LONGANIZA NAPOLITANA;41;L41 ENV AL VACIO;352.04400
"00000236;LONGANIZA NAPOLITANA;55;L55 MARTIN LISTA;17230.14700
"00000237;LONGANIZA CALABREZA;1;L1 COMERCIO;17200.90900
"00000237;LONGANIZA CALABREZA;41;L41 ENV AL VACIO;352.04400
"00000237;LONGANIZA CALABREZA;55;L55 MARTIN LISTA;17230.14700
"00000237;LONGANIZA CALABREZA;2;L2 VILLARINO;17200.90900
"00000237;LONGANIZA CALABREZA;52;PM MEAT CHAIN BONARENSE;16146.46000
"00000237;LONGANIZA CALABREZA;4;L3 P ALTA/SIERRA/MONTE;17200.90900
"00000237;LONGANIZA CALABREZA;53;MD;0.00000
"00000237;LONGANIZA CALABREZA;26;L60 TOTO SAPORE;61870.34700
"00000237;LONGANIZA CALABREZA;54;USUARIO FAENA  BBCA;0.00000
"00000238;SALAMIN PICADO FINO;4;L3 P ALTA/SIERRA/MONTE;17495.77500
"00000238;SALAMIN PICADO FINO;53;MD;0.00000
"00000238;SALAMIN PICADO FINO;26;L60 TOTO SAPORE;61870.47900
"00000238;SALAMIN PICADO FINO;54;USUARIO FAENA  BBCA;0.00000
"00000238;SALAMIN PICADO FINO;1;L1 COMERCIO;17495.77500
"00000238;SALAMIN PICADO FINO;41;L41 ENV AL VACIO;0.00000
"00000238;SALAMIN PICADO FINO;55;L55 MARTIN LISTA;17230.14700
"00000238;SALAMIN PICADO FINO;2;L2 VILLARINO;17495.77500
"00000238;SALAMIN PICADO FINO;52;PM MEAT CHAIN BONARENSE;16146.46000
"00000239;SALAMIN PICADO GRUESO;55;L55 MARTIN LISTA;17230.14700
"00000239;SALAMIN PICADO GRUESO;2;L2 VILLARINO;17495.77500
"00000239;SALAMIN PICADO GRUESO;52;PM MEAT CHAIN BONARENSE;16146.46000
"00000239;SALAMIN PICADO GRUESO;4;L3 P ALTA/SIERRA/MONTE;17495.77500
"00000239;SALAMIN PICADO GRUESO;53;MD;0.00000
"00000239;SALAMIN PICADO GRUESO;26;L60 TOTO SAPORE;61870.34700
"00000239;SALAMIN PICADO GRUESO;54;USUARIO FAENA  BBCA;0.00000
"00000239;SALAMIN PICADO GRUESO;1;L1 COMERCIO;17495.77500
"00000239;SALAMIN PICADO GRUESO;41;L41 ENV AL VACIO;0.00000
"00000241;MATAMBRE ARROLLADO;26;L60 TOTO SAPORE;0.00000
"00000241;MATAMBRE ARROLLADO;41;L41 ENV AL VACIO;0.00000
"00000241;MATAMBRE ARROLLADO;54;USUARIO FAENA  BBCA;1.00000
"00000241;MATAMBRE ARROLLADO;1;L1 COMERCIO;0.00000
"00000241;MATAMBRE ARROLLADO;55;L55 MARTIN LISTA;0.00000
"00000241;MATAMBRE ARROLLADO;2;L2 VILLARINO;0.00000
"00000241;MATAMBRE ARROLLADO;52;PM MEAT CHAIN BONARENSE;0.00000
"00000241;MATAMBRE ARROLLADO;4;L3 P ALTA/SIERRA/MONTE;0.00000
"00000241;MATAMBRE ARROLLADO;53;MD;0.00000
"00000243;SALAMIN TIPO CASERO P.C.;26;L60 TOTO SAPORE;61870.34700
"00000243;SALAMIN TIPO CASERO P.C.;54;USUARIO FAENA  BBCA;0.00000
"00000243;SALAMIN TIPO CASERO P.C.;1;L1 COMERCIO;18183.82500
"00000243;SALAMIN TIPO CASERO P.C.;41;L41 ENV AL VACIO;352.04400
"00000243;SALAMIN TIPO CASERO P.C.;55;L55 MARTIN LISTA;17230.14700
"00000243;SALAMIN TIPO CASERO P.C.;2;L2 VILLARINO;18183.82500
"00000243;SALAMIN TIPO CASERO P.C.;52;PM MEAT CHAIN BONARENSE;16146.46000
"00000243;SALAMIN TIPO CASERO P.C.;4;L3 P ALTA/SIERRA/MONTE;18183.82500
"00000243;SALAMIN TIPO CASERO P.C.;53;MD;0.00000
"00000246;PALETA SANDWICHERA ""303"" X KG;1;L1 COMERCIO;0.00000
"00000246;PALETA SANDWICHERA ""303"" X KG;2;L2 VILLARINO;0.00000
"00000246;PALETA SANDWICHERA ""303"" X KG;26;L60 TOTO SAPORE;0.00000
"00000246;PALETA SANDWICHERA ""303"" X KG;54;USUARIO FAENA  BBCA;1.00000
"00000246;PALETA SANDWICHERA ""303"" X KG;4;L3 P ALTA/SIERRA/MONTE;0.00000
"00000246;PALETA SANDWICHERA ""303"" X KG;52;PM MEAT CHAIN BONARENSE;0.00000
"00000246;PALETA SANDWICHERA ""303"" X KG;53;MD;0.00000
"00000246;PALETA SANDWICHERA ""303"" X KG;41;L41 ENV AL VACIO;0.00000
"00000246;PALETA SANDWICHERA ""303"" X KG;55;L55 MARTIN LISTA;0.00000
"00000247;SOPRESATTA;52;PM MEAT CHAIN BONARENSE;16146.46000
"00000247;SOPRESATTA;4;L3 P ALTA/SIERRA/MONTE;18675.27200
"00000247;SOPRESATTA;53;MD;0.00000
"00000247;SOPRESATTA;26;L60 TOTO SAPORE;61870.34700
"00000247;SOPRESATTA;54;USUARIO FAENA  BBCA;0.00000
"00000247;SOPRESATTA;1;L1 COMERCIO;18675.27200
"00000247;SOPRESATTA;41;L41 ENV AL VACIO;0.00000
"00000247;SOPRESATTA;55;L55 MARTIN LISTA;17230.14700
"00000247;SOPRESATTA;2;L2 VILLARINO;18675.27200
"00000248;SALAMIN PORTE¥O P/GRUESO;52;PM MEAT CHAIN BONARENSE;0.00000
"00000248;SALAMIN PORTE¥O P/GRUESO;55;L55 MARTIN LISTA;0.00000
"00000248;SALAMIN PORTE¥O P/GRUESO;53;MD;0.00000
"00000248;SALAMIN PORTE¥O P/GRUESO;41;L41 ENV AL VACIO;352.04400
"00000248;SALAMIN PORTE¥O P/GRUESO;1;L1 COMERCIO;0.00000
"00000248;SALAMIN PORTE¥O P/GRUESO;26;L60 TOTO SAPORE;61870.47900
"00000248;SALAMIN PORTE¥O P/GRUESO;2;L2 VILLARINO;20531.63200
"00000248;SALAMIN PORTE¥O P/GRUESO;54;USUARIO FAENA  BBCA;1.00000
"00000248;SALAMIN PORTE¥O P/GRUESO;4;L3 P ALTA/SIERRA/MONTE;20531.63200
"00000249;SALAMIN PORTE¥O P/FINO;54;USUARIO FAENA  BBCA;1.00000
"00000249;SALAMIN PORTE¥O P/FINO;4;L3 P ALTA/SIERRA/MONTE;20531.63200
"00000249;SALAMIN PORTE¥O P/FINO;41;L41 ENV AL VACIO;352.04400
"00000249;SALAMIN PORTE¥O P/FINO;52;PM MEAT CHAIN BONARENSE;0.00000
"00000249;SALAMIN PORTE¥O P/FINO;55;L55 MARTIN LISTA;0.00000
"00000249;SALAMIN PORTE¥O P/FINO;53;MD;0.00000
"00000249;SALAMIN PORTE¥O P/FINO;1;L1 COMERCIO;0.00000
"00000249;SALAMIN PORTE¥O P/FINO;2;L2 VILLARINO;20531.63200
"00000249;SALAMIN PORTE¥O P/FINO;26;L60 TOTO SAPORE;61870.47900
"00000250;SALAMIN BASTON;1;L1 COMERCIO;18183.82500
"00000250;SALAMIN BASTON;41;L41 ENV AL VACIO;352.04400
"00000250;SALAMIN BASTON;55;L55 MARTIN LISTA;17230.14700
"00000250;SALAMIN BASTON;2;L2 VILLARINO;18183.82500
"00000250;SALAMIN BASTON;52;PM MEAT CHAIN BONARENSE;16146.46000
"00000250;SALAMIN BASTON;4;L3 P ALTA/SIERRA/MONTE;18183.82500
"00000250;SALAMIN BASTON;53;MD;0.00000
"00000250;SALAMIN BASTON;26;L60 TOTO SAPORE;61870.34700
"00000250;SALAMIN BASTON;54;USUARIO FAENA  BBCA;0.00000
"00000251;FIAMBRE SURTIDO II ( 4 PIEZAS );1;L1 COMERCIO;8846.18900
"00000251;FIAMBRE SURTIDO II ( 4 PIEZAS );41;L41 ENV AL VACIO;141.75000
"00000251;FIAMBRE SURTIDO II ( 4 PIEZAS );55;L55 MARTIN LISTA;7789.11100
"00000251;FIAMBRE SURTIDO II ( 4 PIEZAS );2;L2 VILLARINO;8846.18900
"00000251;FIAMBRE SURTIDO II ( 4 PIEZAS );52;PM MEAT CHAIN BONARENSE;7866.43000
"00000251;FIAMBRE SURTIDO II ( 4 PIEZAS );4;L3 P ALTA/SIERRA/MONTE;8846.18900
"00000251;FIAMBRE SURTIDO II ( 4 PIEZAS );53;MD;0.00000
"00000251;FIAMBRE SURTIDO II ( 4 PIEZAS );26;L60 TOTO SAPORE;31816.58700
"00000251;FIAMBRE SURTIDO II ( 4 PIEZAS );54;USUARIO FAENA  BBCA;0.00000
"00000252;CHORIZOS SIN SAL;1;L1 COMERCIO;0.00000
"00000252;CHORIZOS SIN SAL;41;L41 ENV AL VACIO;0.00000
"00000252;CHORIZOS SIN SAL;53;MD;0.00000
"00000252;CHORIZOS SIN SAL;2;L2 VILLARINO;0.00000
"00000252;CHORIZOS SIN SAL;54;USUARIO FAENA  BBCA;1.00000
"00000252;CHORIZOS SIN SAL;52;PM MEAT CHAIN BONARENSE;0.00000
"00000252;CHORIZOS SIN SAL;4;L3 P ALTA/SIERRA/MONTE;0.00000
"00000252;CHORIZOS SIN SAL;55;L55 MARTIN LISTA;0.00000
"00000252;CHORIZOS SIN SAL;26;L60 TOTO SAPORE;0.00000
"00000253;FIAMBRE SURTIDO (3 PIEZAS);52;PM MEAT CHAIN BONARENSE;0.00000
"00000253;FIAMBRE SURTIDO (3 PIEZAS);1;L1 COMERCIO;0.00000
"00000253;FIAMBRE SURTIDO (3 PIEZAS);53;MD;0.00000
"00000253;FIAMBRE SURTIDO (3 PIEZAS);26;L60 TOTO SAPORE;0.00000
"00000253;FIAMBRE SURTIDO (3 PIEZAS);2;L2 VILLARINO;8085.47300
"00000253;FIAMBRE SURTIDO (3 PIEZAS);54;USUARIO FAENA  BBCA;1.00000
"00000253;FIAMBRE SURTIDO (3 PIEZAS);4;L3 P ALTA/SIERRA/MONTE;8085.47300
"00000253;FIAMBRE SURTIDO (3 PIEZAS);41;L41 ENV AL VACIO;141.75000
"00000253;FIAMBRE SURTIDO (3 PIEZAS);55;L55 MARTIN LISTA;0.00000
"00000254;FIAMBRE;41;L41 ENV AL VACIO;0.00000
"00000254;FIAMBRE;55;L55 MARTIN LISTA;0.00000
"00000254;FIAMBRE;26;L60 TOTO SAPORE;0.00000
"00000254;FIAMBRE;1;L1 COMERCIO;0.00000
"00000254;FIAMBRE;52;PM MEAT CHAIN BONARENSE;0.00000
"00000254;FIAMBRE;4;L3 P ALTA/SIERRA/MONTE;0.00000
"00000254;FIAMBRE;54;USUARIO FAENA  BBCA;1.00000
"00000254;FIAMBRE;2;L2 VILLARINO;0.00000
"00000254;FIAMBRE;53;MD;0.00000
"00000255;MILANESAS;4;L3 P ALTA/SIERRA/MONTE;13140.49587
"00000255;MILANESAS;53;MD;0.00000
"00000255;MILANESAS;26;L60 TOTO SAPORE;44071.55500
"00000255;MILANESAS;54;USUARIO FAENA  BBCA;0.00000
"00000255;MILANESAS;1;L1 COMERCIO;13140.49587
"00000255;MILANESAS;41;L41 ENV AL VACIO;0.00000
"00000255;MILANESAS;55;L55 MARTIN LISTA;14195.66500
"00000255;MILANESAS;2;L2 VILLARINO;13140.49587
"00000255;MILANESAS;52;PM MEAT CHAIN BONARENSE;14334.50700
"00000256;COMBO II ( F/G,ESPA.,NAPO,CALA,CASERITO);4;L3 P ALTA/SIERRA/MONTE;18183.82500
"00000256;COMBO II ( F/G,ESPA.,NAPO,CALA,CASERITO);53;MD;0.00000
"00000256;COMBO II ( F/G,ESPA.,NAPO,CALA,CASERITO);26;L60 TOTO SAPORE;0.00000
"00000256;COMBO II ( F/G,ESPA.,NAPO,CALA,CASERITO);54;USUARIO FAENA  BBCA;0.00000
"00000256;COMBO II ( F/G,ESPA.,NAPO,CALA,CASERITO);1;L1 COMERCIO;18183.82500
"00000256;COMBO II ( F/G,ESPA.,NAPO,CALA,CASERITO);41;L41 ENV AL VACIO;352.04400
"00000256;COMBO II ( F/G,ESPA.,NAPO,CALA,CASERITO);55;L55 MARTIN LISTA;17230.14700
"00000256;COMBO II ( F/G,ESPA.,NAPO,CALA,CASERITO);2;L2 VILLARINO;18183.82500
"00000256;COMBO II ( F/G,ESPA.,NAPO,CALA,CASERITO);52;PM MEAT CHAIN BONARENSE;16146.46000
"00000257;COMBO I (MILAN,CANTIMPALO,SALAMIN);54;USUARIO FAENA  BBCA;1.00000
"00000257;COMBO I (MILAN,CANTIMPALO,SALAMIN);4;L3 P ALTA/SIERRA/MONTE;0.00000
"00000257;COMBO I (MILAN,CANTIMPALO,SALAMIN);41;L41 ENV AL VACIO;352.04400
"00000257;COMBO I (MILAN,CANTIMPALO,SALAMIN);55;L55 MARTIN LISTA;0.00000
"00000257;COMBO I (MILAN,CANTIMPALO,SALAMIN);1;L1 COMERCIO;0.00000
"00000257;COMBO I (MILAN,CANTIMPALO,SALAMIN);52;PM MEAT CHAIN BONARENSE;0.00000
"00000257;COMBO I (MILAN,CANTIMPALO,SALAMIN);26;L60 TOTO SAPORE;0.00000
"00000257;COMBO I (MILAN,CANTIMPALO,SALAMIN);53;MD;0.00000
"00000257;COMBO I (MILAN,CANTIMPALO,SALAMIN);2;L2 VILLARINO;0.00000
"00000258;PROMO;2;L2 VILLARINO;0.00000
"00000258;PROMO;53;MD;0.00000
"00000258;PROMO;52;PM MEAT CHAIN BONARENSE;0.00000
"00000258;PROMO;41;L41 ENV AL VACIO;0.00000
"00000258;PROMO;4;L3 P ALTA/SIERRA/MONTE;0.00000
"00000258;PROMO;54;USUARIO FAENA  BBCA;1.00000
"00000258;PROMO;55;L55 MARTIN LISTA;0.00000
"00000258;PROMO;1;L1 COMERCIO;0.00000
"00000258;PROMO;26;L60 TOTO SAPORE;0.00000
"00000259;BASTON ESPA¥OLA;53;MD;0.00000
"00000259;BASTON ESPA¥OLA;55;L55 MARTIN LISTA;0.00000
"00000259;BASTON ESPA¥OLA;4;L3 P ALTA/SIERRA/MONTE;0.00000
"00000259;BASTON ESPA¥OLA;26;L60 TOTO SAPORE;0.00000
"00000259;BASTON ESPA¥OLA;41;L41 ENV AL VACIO;0.00000
"00000259;BASTON ESPA¥OLA;54;USUARIO FAENA  BBCA;1.00000
"00000259;BASTON ESPA¥OLA;1;L1 COMERCIO;0.00000
"00000259;BASTON ESPA¥OLA;2;L2 VILLARINO;0.00000
"00000259;BASTON ESPA¥OLA;52;PM MEAT CHAIN BONARENSE;0.00000
"00000260;BASTON PICADO FINO;4;L3 P ALTA/SIERRA/MONTE;0.00000
"00000260;BASTON PICADO FINO;52;PM MEAT CHAIN BONARENSE;0.00000
"00000260;BASTON PICADO FINO;53;MD;0.00000
"00000260;BASTON PICADO FINO;55;L55 MARTIN LISTA;0.00000
"00000260;BASTON PICADO FINO;41;L41 ENV AL VACIO;0.00000
"00000260;BASTON PICADO FINO;26;L60 TOTO SAPORE;0.00000
"00000260;BASTON PICADO FINO;1;L1 COMERCIO;0.00000
"00000260;BASTON PICADO FINO;54;USUARIO FAENA  BBCA;1.00000
"00000260;BASTON PICADO FINO;2;L2 VILLARINO;0.00000
"00000261;FIAMBRE SURTIDO  303;1;L1 COMERCIO;0.00000
"00000261;FIAMBRE SURTIDO  303;54;USUARIO FAENA  BBCA;1.00000
"00000261;FIAMBRE SURTIDO  303;53;MD;0.00000
"00000261;FIAMBRE SURTIDO  303;2;L2 VILLARINO;0.00000
"00000261;FIAMBRE SURTIDO  303;41;L41 ENV AL VACIO;0.00000
"00000261;FIAMBRE SURTIDO  303;55;L55 MARTIN LISTA;0.00000
"00000261;FIAMBRE SURTIDO  303;26;L60 TOTO SAPORE;0.00000
"00000261;FIAMBRE SURTIDO  303;52;PM MEAT CHAIN BONARENSE;0.00000
"00000261;FIAMBRE SURTIDO  303;4;L3 P ALTA/SIERRA/MONTE;0.00000
"00000262;BASTON PICADO GRUESO;2;L2 VILLARINO;0.00000
"00000262;BASTON PICADO GRUESO;52;PM MEAT CHAIN BONARENSE;14859.49300
"00000262;BASTON PICADO GRUESO;4;L3 P ALTA/SIERRA/MONTE;18183.82500
"00000262;BASTON PICADO GRUESO;53;MD;0.00000
"00000262;BASTON PICADO GRUESO;26;L60 TOTO SAPORE;0.00000
"00000262;BASTON PICADO GRUESO;54;USUARIO FAENA  BBCA;0.00000
"00000262;BASTON PICADO GRUESO;1;L1 COMERCIO;18183.82500
"00000262;BASTON PICADO GRUESO;41;L41 ENV AL VACIO;0.00000
"00000262;BASTON PICADO GRUESO;55;L55 MARTIN LISTA;17230.14700
"00000268;QUESO DE MAQUINA;26;L60 TOTO SAPORE;0.00000
"00000268;QUESO DE MAQUINA;52;PM MEAT CHAIN BONARENSE;0.00000
"00000268;QUESO DE MAQUINA;53;MD;0.00000
"00000268;QUESO DE MAQUINA;1;L1 COMERCIO;0.00000
"00000268;QUESO DE MAQUINA;2;L2 VILLARINO;0.00000
"00000268;QUESO DE MAQUINA;54;USUARIO FAENA  BBCA;1.00000
"00000268;QUESO DE MAQUINA;4;L3 P ALTA/SIERRA/MONTE;0.00000
"00000268;QUESO DE MAQUINA;55;L55 MARTIN LISTA;0.00000
"00000268;QUESO DE MAQUINA;41;L41 ENV AL VACIO;318.93750
"00000269;SANDWICH DE MIGA;2;L2 VILLARINO;0.00000
"00000269;SANDWICH DE MIGA;55;L55 MARTIN LISTA;0.00000
"00000269;SANDWICH DE MIGA;4;L3 P ALTA/SIERRA/MONTE;0.00000
"00000269;SANDWICH DE MIGA;26;L60 TOTO SAPORE;0.00000
"00000269;SANDWICH DE MIGA;52;PM MEAT CHAIN BONARENSE;0.00000
"00000269;SANDWICH DE MIGA;53;MD;0.00000
"00000269;SANDWICH DE MIGA;41;L41 ENV AL VACIO;0.00000
"00000269;SANDWICH DE MIGA;54;USUARIO FAENA  BBCA;1.00000
"00000269;SANDWICH DE MIGA;1;L1 COMERCIO;0.00000
"00000274;HAMBURGUESAS *KG 303;2;L2 VILLARINO;0.00000
"00000274;HAMBURGUESAS *KG 303;4;L3 P ALTA/SIERRA/MONTE;0.00000
"00000274;HAMBURGUESAS *KG 303;26;L60 TOTO SAPORE;0.00000
"00000274;HAMBURGUESAS *KG 303;55;L55 MARTIN LISTA;0.00000
"00000274;HAMBURGUESAS *KG 303;41;L41 ENV AL VACIO;184.27500
"00000274;HAMBURGUESAS *KG 303;52;PM MEAT CHAIN BONARENSE;0.00000
"00000274;HAMBURGUESAS *KG 303;53;MD;0.00000
"00000274;HAMBURGUESAS *KG 303;1;L1 COMERCIO;0.00000
"00000274;HAMBURGUESAS *KG 303;54;USUARIO FAENA  BBCA;1.00000
"00000275;MADEJA DE TRIPA;52;PM MEAT CHAIN BONARENSE;0.00000
"00000275;MADEJA DE TRIPA;53;MD;0.00000
"00000275;MADEJA DE TRIPA;2;L2 VILLARINO;0.00000
"00000275;MADEJA DE TRIPA;54;USUARIO FAENA  BBCA;1.00000
"00000275;MADEJA DE TRIPA;4;L3 P ALTA/SIERRA/MONTE;0.00000
"00000275;MADEJA DE TRIPA;55;L55 MARTIN LISTA;0.00000
"00000275;MADEJA DE TRIPA;26;L60 TOTO SAPORE;0.00000
"00000275;MADEJA DE TRIPA;41;L41 ENV AL VACIO;0.00000
"00000275;MADEJA DE TRIPA;1;L1 COMERCIO;0.00000
"00000301;TOCINO;26;L60 TOTO SAPORE;21376.49800
"00000301;TOCINO;54;USUARIO FAENA  BBCA;0.00000
"00000301;TOCINO;1;L1 COMERCIO;4956.83100
"00000301;TOCINO;41;L41 ENV AL VACIO;93.21267
"00000301;TOCINO;55;L55 MARTIN LISTA;4703.62200
"00000301;TOCINO;2;L2 VILLARINO;4956.83100
"00000301;TOCINO;52;PM MEAT CHAIN BONARENSE;2799.99500
"00000301;TOCINO;4;L3 P ALTA/SIERRA/MONTE;4956.87500
"00000301;TOCINO;53;MD;0.00000
"00000302;BIFE DE CERDO;2;L2 VILLARINO;6149.32127
"00000302;BIFE DE CERDO;52;PM MEAT CHAIN BONARENSE;6036.30500
"00000302;BIFE DE CERDO;4;L3 P ALTA/SIERRA/MONTE;6149.32127
"00000302;BIFE DE CERDO;53;MD;0.00000
"00000302;BIFE DE CERDO;26;L60 TOTO SAPORE;16235.55656
"00000302;BIFE DE CERDO;54;USUARIO FAENA  BBCA;1.00000
"00000302;BIFE DE CERDO;1;L1 COMERCIO;6149.32127
"00000302;BIFE DE CERDO;41;L41 ENV AL VACIO;0.00000
"00000302;BIFE DE CERDO;55;L55 MARTIN LISTA;6036.30500
"00000303;PECHITO DE CERDO;26;L60 TOTO SAPORE;16235.56000
"00000303;PECHITO DE CERDO;54;USUARIO FAENA  BBCA;1.00000
"00000303;PECHITO DE CERDO;1;L1 COMERCIO;7864.25339
"00000303;PECHITO DE CERDO;41;L41 ENV AL VACIO;0.00000
"00000303;PECHITO DE CERDO;55;L55 MARTIN LISTA;6036.30500
"00000303;PECHITO DE CERDO;2;L2 VILLARINO;7864.25339
"00000303;PECHITO DE CERDO;52;PM MEAT CHAIN BONARENSE;6271.48500
"00000303;PECHITO DE CERDO;4;L3 P ALTA/SIERRA/MONTE;7864.25339
"00000303;PECHITO DE CERDO;53;MD;0.00000
"00000304;PALETA DE CERDO FCA C/H;52;PM MEAT CHAIN BONARENSE;9917.14900
"00000304;PALETA DE CERDO FCA C/H;4;L3 P ALTA/SIERRA/MONTE;7226.56000
"00000304;PALETA DE CERDO FCA C/H;53;MD;0.00000
"00000304;PALETA DE CERDO FCA C/H;26;L60 TOTO SAPORE;24467.55300
"00000304;PALETA DE CERDO FCA C/H;54;USUARIO FAENA  BBCA;0.00000
"00000304;PALETA DE CERDO FCA C/H;1;L1 COMERCIO;6670.66400
"00000304;PALETA DE CERDO FCA C/H;41;L41 ENV AL VACIO;166.51584
"00000304;PALETA DE CERDO FCA C/H;55;L55 MARTIN LISTA;4938.80200
"00000304;PALETA DE CERDO FCA C/H;2;L2 VILLARINO;7226.56000
"00000305;PANCETA FCA.;1;L1 COMERCIO;12901.47100
"00000305;PANCETA FCA.;41;L41 ENV AL VACIO;265.15837
"00000305;PANCETA FCA.;55;L55 MARTIN LISTA;8231.34400
"00000305;PANCETA FCA.;2;L2 VILLARINO;12901.47100
"00000305;PANCETA FCA.;52;PM MEAT CHAIN BONARENSE;9154.29900
"00000305;PANCETA FCA.;4;L3 P ALTA/SIERRA/MONTE;12901.47100
"00000305;PANCETA FCA.;53;MD;0.00000
"00000305;PANCETA FCA.;26;L60 TOTO SAPORE;22317.44900
"00000305;PANCETA FCA.;54;USUARIO FAENA  BBCA;0.00000
"00000306;PATAS;26;L60 TOTO SAPORE;11395.04300
"00000306;PATAS;54;USUARIO FAENA  BBCA;1.00000
"00000306;PATAS;1;L1 COMERCIO;3335.34300
"00000306;PATAS;41;L41 ENV AL VACIO;94.11765
"00000306;PATAS;55;L55 MARTIN LISTA;2268.59600
"00000306;PATAS;2;L2 VILLARINO;4167.20700
"00000306;PATAS;52;PM MEAT CHAIN BONARENSE;2268.60700
"00000306;PATAS;4;L3 P ALTA/SIERRA/MONTE;4167.19600
"00000306;PATAS;53;MD;0.00000
"00000307;HUESOS;1;L1 COMERCIO;0.00000
"00000307;HUESOS;52;PM MEAT CHAIN BONARENSE;0.00000
"00000307;HUESOS;26;L60 TOTO SAPORE;6549.71900
"00000307;HUESOS;53;MD;0.00000
"00000307;HUESOS;2;L2 VILLARINO;0.00000
"00000307;HUESOS;54;USUARIO FAENA  BBCA;1.00000
"00000307;HUESOS;4;L3 P ALTA/SIERRA/MONTE;0.00000
"00000307;HUESOS;55;L55 MARTIN LISTA;0.00000
"00000307;HUESOS;41;L41 ENV AL VACIO;0.00000
"00000308;UNTO;2;L2 VILLARINO;902.60500
"00000308;UNTO;52;PM MEAT CHAIN BONARENSE;0.00000
"00000308;UNTO;55;L55 MARTIN LISTA;0.00000
"00000308;UNTO;4;L3 P ALTA/SIERRA/MONTE;902.60500
"00000308;UNTO;53;MD;0.00000
"00000308;UNTO;26;L60 TOTO SAPORE;786.12600
"00000308;UNTO;54;USUARIO FAENA  BBCA;1.00000
"00000308;UNTO;1;L1 COMERCIO;902.60500
"00000308;UNTO;41;L41 ENV AL VACIO;0.00000
"00000309;CUEROS;53;MD;0.00000
"00000309;CUEROS;26;L60 TOTO SAPORE;4538.33600
"00000309;CUEROS;54;USUARIO FAENA  BBCA;1.00000
"00000309;CUEROS;1;L1 COMERCIO;4447.12400
"00000309;CUEROS;41;L41 ENV AL VACIO;0.00000
"00000309;CUEROS;55;L55 MARTIN LISTA;3203.69500
"00000309;CUEROS;2;L2 VILLARINO;4956.83100
"00000309;CUEROS;52;PM MEAT CHAIN BONARENSE;3051.43300
"00000309;CUEROS;4;L3 P ALTA/SIERRA/MONTE;4956.87500
"00000310;MATAMBRITOS;53;MD;0.00000
"00000310;MATAMBRITOS;26;L60 TOTO SAPORE;25785.91400
"00000310;MATAMBRITOS;54;USUARIO FAENA  BBCA;0.00000
"00000310;MATAMBRITOS;1;L1 COMERCIO;16723.98200
"00000310;MATAMBRITOS;41;L41 ENV AL VACIO;0.00000
"00000310;MATAMBRITOS;55;L55 MARTIN LISTA;15255.40500
"00000310;MATAMBRITOS;2;L2 VILLARINO;16723.98200
"00000310;MATAMBRITOS;52;PM MEAT CHAIN BONARENSE;13588.24500
"00000310;MATAMBRITOS;4;L3 P ALTA/SIERRA/MONTE;16723.98200
"00000311;OREJAS DE CERDO;54;USUARIO FAENA  BBCA;1.00000
"00000311;OREJAS DE CERDO;52;PM MEAT CHAIN BONARENSE;0.00000
"00000311;OREJAS DE CERDO;1;L1 COMERCIO;3883.73700
"00000311;OREJAS DE CERDO;55;L55 MARTIN LISTA;0.00000
"00000311;OREJAS DE CERDO;26;L60 TOTO SAPORE;4538.33600
"00000311;OREJAS DE CERDO;2;L2 VILLARINO;3883.73700
"00000311;OREJAS DE CERDO;41;L41 ENV AL VACIO;95.02262
"00000311;OREJAS DE CERDO;4;L3 P ALTA/SIERRA/MONTE;3883.59400
"00000311;OREJAS DE CERDO;53;MD;0.00000
"00000312;RECORTES DE CARNE 80 %;41;L41 ENV AL VACIO;203.61991
"00000312;RECORTES DE CARNE 80 %;1;L1 COMERCIO;8338.35200
"00000312;RECORTES DE CARNE 80 %;53;MD;0.00000
"00000312;RECORTES DE CARNE 80 %;54;USUARIO FAENA  BBCA;1.00000
"00000312;RECORTES DE CARNE 80 %;52;PM MEAT CHAIN BONARENSE;0.00000
"00000312;RECORTES DE CARNE 80 %;2;L2 VILLARINO;9364.19000
"00000312;RECORTES DE CARNE 80 %;55;L55 MARTIN LISTA;0.00000
"00000312;RECORTES DE CARNE 80 %;4;L3 P ALTA/SIERRA/MONTE;9364.19000
"00000312;RECORTES DE CARNE 80 %;26;L60 TOTO SAPORE;22253.83600
"00000313;LECHON X KG;26;L60 TOTO SAPORE;0.00000
"00000313;LECHON X KG;1;L1 COMERCIO;9049.77376
"00000313;LECHON X KG;41;L41 ENV AL VACIO;0.00000
"00000313;LECHON X KG;53;MD;9049.77376
"00000313;LECHON X KG;54;USUARIO FAENA  BBCA;1.00000
"00000313;LECHON X KG;2;L2 VILLARINO;9049.77376
"00000313;LECHON X KG;52;PM MEAT CHAIN BONARENSE;0.00000
"00000313;LECHON X KG;4;L3 P ALTA/SIERRA/MONTE;9049.77376
"00000313;LECHON X KG;55;L55 MARTIN LISTA;0.00000
"00000314;CORDERO;2;L2 VILLARINO;9049.77376
"00000314;CORDERO;26;L60 TOTO SAPORE;0.00000
"00000314;CORDERO;55;L55 MARTIN LISTA;0.00000
"00000314;CORDERO;4;L3 P ALTA/SIERRA/MONTE;9049.77376
"00000314;CORDERO;41;L41 ENV AL VACIO;0.00000
"00000314;CORDERO;52;PM MEAT CHAIN BONARENSE;0.00000
"00000314;CORDERO;53;MD;9049.77376
"00000314;CORDERO;54;USUARIO FAENA  BBCA;1.00452
"00000314;CORDERO;1;L1 COMERCIO;9049.77376
"00000315;1/2 RES DE CERDO C/Cza;2;L2 VILLARINO;3981.90045
"00000315;1/2 RES DE CERDO C/Cza;52;PM MEAT CHAIN BONARENSE;3981.90045
"00000315;1/2 RES DE CERDO C/Cza;4;L3 P ALTA/SIERRA/MONTE;3981.90045
"00000315;1/2 RES DE CERDO C/Cza;53;MD;3981.90045
"00000315;1/2 RES DE CERDO C/Cza;26;L60 TOTO SAPORE;0.00000
"00000315;1/2 RES DE CERDO C/Cza;54;USUARIO FAENA  BBCA;1.00000
"00000315;1/2 RES DE CERDO C/Cza;1;L1 COMERCIO;3981.90045
"00000315;1/2 RES DE CERDO C/Cza;41;L41 ENV AL VACIO;0.00000
"00000315;1/2 RES DE CERDO C/Cza;55;L55 MARTIN LISTA;3981.90045
"00000316;1/2 RES DE CERDO S/CZA;54;USUARIO FAENA  BBCA;0.00000
"00000316;1/2 RES DE CERDO S/CZA;1;L1 COMERCIO;4162.89593
"00000316;1/2 RES DE CERDO S/CZA;41;L41 ENV AL VACIO;0.00000
"00000316;1/2 RES DE CERDO S/CZA;55;L55 MARTIN LISTA;4162.89593
"00000316;1/2 RES DE CERDO S/CZA;2;L2 VILLARINO;4162.89593
"00000316;1/2 RES DE CERDO S/CZA;52;PM MEAT CHAIN BONARENSE;4162.89593
"00000316;1/2 RES DE CERDO S/CZA;4;L3 P ALTA/SIERRA/MONTE;4162.89593
"00000316;1/2 RES DE CERDO S/CZA;53;MD;4162.89593
"00000316;1/2 RES DE CERDO S/CZA;26;L60 TOTO SAPORE;0.00000
"00000318;CABEZAS;54;USUARIO FAENA  BBCA;1.00000
"00000318;CABEZAS;1;L1 COMERCIO;0.00000
"00000318;CABEZAS;2;L2 VILLARINO;0.00000
"00000318;CABEZAS;55;L55 MARTIN LISTA;0.00000
"00000318;CABEZAS;52;PM MEAT CHAIN BONARENSE;0.00000
"00000318;CABEZAS;53;MD;0.00000
"00000318;CABEZAS;26;L60 TOTO SAPORE;786.12600
"00000318;CABEZAS;4;L3 P ALTA/SIERRA/MONTE;0.00000
"00000318;CABEZAS;41;L41 ENV AL VACIO;0.00000
"00000319;HIGADO DE CERDO;2;L2 VILLARINO;0.00000
"00000319;HIGADO DE CERDO;54;USUARIO FAENA  BBCA;1.00000
"00000319;HIGADO DE CERDO;41;L41 ENV AL VACIO;0.00000
"00000319;HIGADO DE CERDO;53;MD;0.00000
"00000319;HIGADO DE CERDO;4;L3 P ALTA/SIERRA/MONTE;0.00000
"00000319;HIGADO DE CERDO;52;PM MEAT CHAIN BONARENSE;0.00000
"00000319;HIGADO DE CERDO;55;L55 MARTIN LISTA;0.00000
"00000319;HIGADO DE CERDO;26;L60 TOTO SAPORE;786.12600
"00000319;HIGADO DE CERDO;1;L1 COMERCIO;0.00000
"00000320;GARRON;55;L55 MARTIN LISTA;0.00000
"00000320;GARRON;2;L2 VILLARINO;0.00000
"00000320;GARRON;26;L60 TOTO SAPORE;786.12600
"00000320;GARRON;4;L3 P ALTA/SIERRA/MONTE;0.00000
"00000320;GARRON;54;USUARIO FAENA  BBCA;1.00000
"00000320;GARRON;41;L41 ENV AL VACIO;0.00000
"00000320;GARRON;53;MD;0.00000
"00000320;GARRON;1;L1 COMERCIO;0.00000
"00000320;GARRON;52;PM MEAT CHAIN BONARENSE;0.00000
"00000323;PALETA DE CERDO S/H;26;L60 TOTO SAPORE;28352.03800
"00000323;PALETA DE CERDO S/H;54;USUARIO FAENA  BBCA;0.00000
"00000323;PALETA DE CERDO S/H;1;L1 COMERCIO;8338.35200
"00000323;PALETA DE CERDO S/H;41;L41 ENV AL VACIO;260.63348
"00000323;PALETA DE CERDO S/H;55;L55 MARTIN LISTA;8231.34400
"00000323;PALETA DE CERDO S/H;2;L2 VILLARINO;8519.80800
"00000323;PALETA DE CERDO S/H;52;PM MEAT CHAIN BONARENSE;9917.14900
"00000323;PALETA DE CERDO S/H;4;L3 P ALTA/SIERRA/MONTE;8519.80800
"00000323;PALETA DE CERDO S/H;53;MD;0.00000
"00000324;PULPA DE CERDO;4;L3 P ALTA/SIERRA/MONTE;8783.06000
"00000324;PULPA DE CERDO;53;MD;0.00000
"00000324;PULPA DE CERDO;26;L60 TOTO SAPORE;16235.56000
"00000324;PULPA DE CERDO;54;USUARIO FAENA  BBCA;0.00000
"00000324;PULPA DE CERDO;1;L1 COMERCIO;8338.35200
"00000324;PULPA DE CERDO;41;L41 ENV AL VACIO;276.01810
"00000324;PULPA DE CERDO;55;L55 MARTIN LISTA;8231.34400
"00000324;PULPA DE CERDO;2;L2 VILLARINO;8783.06000
"00000324;PULPA DE CERDO;52;PM MEAT CHAIN BONARENSE;9154.29900
"00000325;JAMON FRESCO;1;L1 COMERCIO;7226.56000
"00000325;JAMON FRESCO;41;L41 ENV AL VACIO;185.52036
"00000325;JAMON FRESCO;55;L55 MARTIN LISTA;5268.05400
"00000325;JAMON FRESCO;2;L2 VILLARINO;7671.27900
"00000325;JAMON FRESCO;52;PM MEAT CHAIN BONARENSE;6865.72700
"00000325;JAMON FRESCO;4;L3 P ALTA/SIERRA/MONTE;7671.27900
"00000325;JAMON FRESCO;53;MD;0.00000
"00000325;JAMON FRESCO;26;L60 TOTO SAPORE;21669.50500
"00000325;JAMON FRESCO;54;USUARIO FAENA  BBCA;1.00000
"00000327;BONDIOLA FCA.;54;USUARIO FAENA  BBCA;0.00000
"00000327;BONDIOLA FCA.;4;L3 P ALTA/SIERRA/MONTE;10800.90000
"00000327;BONDIOLA FCA.;53;MD;0.00000
"00000327;BONDIOLA FCA.;55;L55 MARTIN LISTA;8909.50500
"00000327;BONDIOLA FCA.;26;L60 TOTO SAPORE;19266.85200
"00000327;BONDIOLA FCA.;1;L1 COMERCIO;10800.90000
"00000327;BONDIOLA FCA.;41;L41 ENV AL VACIO;0.00000
"00000327;BONDIOLA FCA.;2;L2 VILLARINO;10800.90000
"00000327;BONDIOLA FCA.;52;PM MEAT CHAIN BONARENSE;8521.27100
"00000328;COLAS;53;MD;0.00000
"00000328;COLAS;4;L3 P ALTA/SIERRA/MONTE;0.00000
"00000328;COLAS;52;PM MEAT CHAIN BONARENSE;0.00000
"00000328;COLAS;55;L55 MARTIN LISTA;0.00000
"00000328;COLAS;26;L60 TOTO SAPORE;786.12600
"00000328;COLAS;1;L1 COMERCIO;0.00000
"00000328;COLAS;2;L2 VILLARINO;0.00000
"00000328;COLAS;54;USUARIO FAENA  BBCA;1.00000
"00000328;COLAS;41;L41 ENV AL VACIO;0.00000
"00000330;JAMON FRESCO S/H;53;MD;0.00000
"00000330;JAMON FRESCO S/H;26;L60 TOTO SAPORE;28352.03800
"00000330;JAMON FRESCO S/H;54;USUARIO FAENA  BBCA;0.00000
"00000330;JAMON FRESCO S/H;1;L1 COMERCIO;0.00000
"00000330;JAMON FRESCO S/H;41;L41 ENV AL VACIO;276.01810
"00000330;JAMON FRESCO S/H;55;L55 MARTIN LISTA;8231.34400
"00000330;JAMON FRESCO S/H;2;L2 VILLARINO;0.00000
"00000330;JAMON FRESCO S/H;52;PM MEAT CHAIN BONARENSE;6865.72700
"00000330;JAMON FRESCO S/H;4;L3 P ALTA/SIERRA/MONTE;0.00000
"00000336;BIFE DE CERDO S/H;2;L2 VILLARINO;10723.47100
"00000336;BIFE DE CERDO S/H;52;PM MEAT CHAIN BONARENSE;9917.14900
"00000336;BIFE DE CERDO S/H;4;L3 P ALTA/SIERRA/MONTE;10723.47100
"00000336;BIFE DE CERDO S/H;53;MD;0.00000
"00000336;BIFE DE CERDO S/H;26;L60 TOTO SAPORE;30773.94100
"00000336;BIFE DE CERDO S/H;54;USUARIO FAENA  BBCA;1.00000
"00000336;BIFE DE CERDO S/H;1;L1 COMERCIO;10723.47100
"00000336;BIFE DE CERDO S/H;41;L41 ENV AL VACIO;291.40271
"00000336;BIFE DE CERDO S/H;55;L55 MARTIN LISTA;10412.76500
"00000341;CODILLO DE CERDO;54;USUARIO FAENA  BBCA;1.00000
"00000341;CODILLO DE CERDO;1;L1 COMERCIO;6239.94800
"00000341;CODILLO DE CERDO;41;L41 ENV AL VACIO;0.00000
"00000341;CODILLO DE CERDO;55;L55 MARTIN LISTA;3845.46800
"00000341;CODILLO DE CERDO;2;L2 VILLARINO;6239.94800
"00000341;CODILLO DE CERDO;52;PM MEAT CHAIN BONARENSE;3663.48400
"00000341;CODILLO DE CERDO;4;L3 P ALTA/SIERRA/MONTE;6240.05800
"00000341;CODILLO DE CERDO;53;MD;0.00000
"00000341;CODILLO DE CERDO;26;L60 TOTO SAPORE;2002.70400
"00000342;SOLOMILLO;4;L3 P ALTA/SIERRA/MONTE;11117.78800
"00000342;SOLOMILLO;53;MD;0.00000
"00000342;SOLOMILLO;26;L60 TOTO SAPORE;26358.91500
"00000342;SOLOMILLO;54;USUARIO FAENA  BBCA;1.00000
"00000342;SOLOMILLO;1;L1 COMERCIO;11006.61100
"00000342;SOLOMILLO;41;L41 ENV AL VACIO;0.00000
"00000342;SOLOMILLO;55;L55 MARTIN LISTA;9162.64800
"00000342;SOLOMILLO;2;L2 VILLARINO;11117.78800
"00000342;SOLOMILLO;52;PM MEAT CHAIN BONARENSE;8726.96000
"00000401;BIFES;4;L3 P ALTA/SIERRA/MONTE;17459.74720
"00000401;BIFES;53;MD;0.00000
"00000401;BIFES;26;L60 TOTO SAPORE;20747.08900
"00000401;BIFES;54;USUARIO FAENA  BBCA;0.00000
"00000401;BIFES;1;L1 COMERCIO;17459.74720
"00000401;BIFES;41;L41 ENV AL VACIO;0.00000
"00000401;BIFES;55;L55 MARTIN LISTA;17091.63500
"00000401;BIFES;2;L2 VILLARINO;17459.74720
"00000401;BIFES;52;PM MEAT CHAIN BONARENSE;14243.04200
"00000402;ASADO;4;L3 P ALTA/SIERRA/MONTE;18730.85760
"00000402;ASADO;53;MD;12669.68326
"00000402;ASADO;26;L60 TOTO SAPORE;18396.37800
"00000402;ASADO;54;USUARIO FAENA  BBCA;0.00000
"00000402;ASADO;1;L1 COMERCIO;18730.85760
"00000402;ASADO;41;L41 ENV AL VACIO;0.00000
"00000402;ASADO;55;L55 MARTIN LISTA;17794.11700
"00000402;ASADO;2;L2 VILLARINO;18730.85760
"00000402;ASADO;52;PM MEAT CHAIN BONARENSE;17091.63500
"00000403;CUADRIL;1;L1 COMERCIO;15846.15385
"00000403;CUADRIL;41;L41 ENV AL VACIO;244.45249
"00000403;CUADRIL;55;L55 MARTIN LISTA;15667.34400
"00000403;CUADRIL;2;L2 VILLARINO;15846.15385
"00000403;CUADRIL;52;PM MEAT CHAIN BONARENSE;17091.63500
"00000403;CUADRIL;4;L3 P ALTA/SIERRA/MONTE;15846.15385
"00000403;CUADRIL;53;MD;0.00000
"00000403;CUADRIL;26;L60 TOTO SAPORE;18467.76471
"00000403;CUADRIL;54;USUARIO FAENA  BBCA;1.00000
"00000404;NALGA;41;L41 ENV AL VACIO;268.88400
"00000404;NALGA;55;L55 MARTIN LISTA;18971.27100
"00000404;NALGA;26;L60 TOTO SAPORE;20465.97300
"00000404;NALGA;52;PM MEAT CHAIN BONARENSE;18971.27100
"00000404;NALGA;1;L1 COMERCIO;19819.00452
"00000404;NALGA;53;MD;0.00000
"00000404;NALGA;2;L2 VILLARINO;19819.00452
"00000404;NALGA;54;USUARIO FAENA  BBCA;1.00000
"00000404;NALGA;4;L3 P ALTA/SIERRA/MONTE;19819.00452
"00000405;CUADRADA;26;L60 TOTO SAPORE;18467.76800
"00000405;CUADRADA;54;USUARIO FAENA  BBCA;1.00000
"00000405;CUADRADA;1;L1 COMERCIO;16199.09502
"00000405;CUADRADA;41;L41 ENV AL VACIO;0.00000
"00000405;CUADRADA;55;L55 MARTIN LISTA;15667.34400
"00000405;CUADRADA;2;L2 VILLARINO;16199.09502
"00000405;CUADRADA;52;PM MEAT CHAIN BONARENSE;15667.34400
"00000405;CUADRADA;4;L3 P ALTA/SIERRA/MONTE;16199.09502
"00000405;CUADRADA;53;MD;0.00000
"00000406;PALOMITA;2;L2 VILLARINO;19414.18080
"00000406;PALOMITA;52;PM MEAT CHAIN BONARENSE;15667.34400
"00000406;PALOMITA;4;L3 P ALTA/SIERRA/MONTE;19414.18080
"00000406;PALOMITA;53;MD;0.00000
"00000406;PALOMITA;26;L60 TOTO SAPORE;20422.85300
"00000406;PALOMITA;54;USUARIO FAENA  BBCA;1.00000
"00000406;PALOMITA;1;L1 COMERCIO;19414.18080
"00000406;PALOMITA;41;L41 ENV AL VACIO;282.07200
"00000406;PALOMITA;55;L55 MARTIN LISTA;21364.56300
"00000407;PECETO;54;USUARIO FAENA  BBCA;1.00000
"00000407;PECETO;1;L1 COMERCIO;22125.82400
"00000407;PECETO;41;L41 ENV AL VACIO;289.10407
"00000407;PECETO;55;L55 MARTIN LISTA;19546.16400
"00000407;PECETO;2;L2 VILLARINO;22125.82400
"00000407;PECETO;52;PM MEAT CHAIN BONARENSE;17091.65700
"00000407;PECETO;4;L3 P ALTA/SIERRA/MONTE;22125.82400
"00000407;PECETO;53;MD;0.00000
"00000407;PECETO;26;L60 TOTO SAPORE;26444.79200
"00000408;PICADA;4;L3 P ALTA/SIERRA/MONTE;8807.96000
"00000408;PICADA;53;MD;0.00000
"00000408;PICADA;26;L60 TOTO SAPORE;14210.28400
"00000408;PICADA;54;USUARIO FAENA  BBCA;1.00000
"00000408;PICADA;1;L1 COMERCIO;8807.96000
"00000408;PICADA;41;L41 ENV AL VACIO;0.00000
"00000408;PICADA;55;L55 MARTIN LISTA;9257.96300
"00000408;PICADA;2;L2 VILLARINO;8807.96000
"00000408;PICADA;52;PM MEAT CHAIN BONARENSE;9257.96300
"00000409;TAPA DE NALGA;55;L55 MARTIN LISTA;17189.11700
"00000409;TAPA DE NALGA;2;L2 VILLARINO;16287.07360
"00000409;TAPA DE NALGA;52;PM MEAT CHAIN BONARENSE;14243.04200
"00000409;TAPA DE NALGA;4;L3 P ALTA/SIERRA/MONTE;16287.07360
"00000409;TAPA DE NALGA;53;MD;0.00000
"00000409;TAPA DE NALGA;26;L60 TOTO SAPORE;24248.36700
"00000409;TAPA DE NALGA;54;USUARIO FAENA  BBCA;1.00000
"00000409;TAPA DE NALGA;1;L1 COMERCIO;16287.07360
"00000409;TAPA DE NALGA;41;L41 ENV AL VACIO;0.00000
"00000411;ROAST-BEEF;52;PM MEAT CHAIN BONARENSE;10682.28700
"00000411;ROAST-BEEF;4;L3 P ALTA/SIERRA/MONTE;12643.34400
"00000411;ROAST-BEEF;53;MD;0.00000
"00000411;ROAST-BEEF;26;L60 TOTO SAPORE;19431.18100
"00000411;ROAST-BEEF;54;USUARIO FAENA  BBCA;1.00000
"00000411;ROAST-BEEF;1;L1 COMERCIO;12643.34400
"00000411;ROAST-BEEF;41;L41 ENV AL VACIO;0.00000
"00000411;ROAST-BEEF;55;L55 MARTIN LISTA;11497.73900
"00000411;ROAST-BEEF;2;L2 VILLARINO;12643.34400
"00000412;MATAMBRE;1;L1 COMERCIO;16742.08145
"00000412;MATAMBRE;41;L41 ENV AL VACIO;0.00000
"00000412;MATAMBRE;55;L55 MARTIN LISTA;17246.60300
"00000412;MATAMBRE;2;L2 VILLARINO;16742.08145
"00000412;MATAMBRE;52;PM MEAT CHAIN BONARENSE;15667.34400
"00000412;MATAMBRE;4;L3 P ALTA/SIERRA/MONTE;16742.08145
"00000412;MATAMBRE;53;MD;0.00000
"00000412;MATAMBRE;26;L60 TOTO SAPORE;18971.27100
"00000412;MATAMBRE;54;USUARIO FAENA  BBCA;1.00000
"00000413;AGUJA;4;L3 P ALTA/SIERRA/MONTE;12378.18400
"00000413;AGUJA;53;MD;0.00000
"00000413;AGUJA;26;L60 TOTO SAPORE;14145.02100
"00000413;AGUJA;54;USUARIO FAENA  BBCA;1.00000
"00000413;AGUJA;1;L1 COMERCIO;12378.18400
"00000413;AGUJA;41;L41 ENV AL VACIO;0.00000
"00000413;AGUJA;55;L55 MARTIN LISTA;8545.82300
"00000413;AGUJA;2;L2 VILLARINO;12378.18400
"00000413;AGUJA;52;PM MEAT CHAIN BONARENSE;11394.43800
"00000414;LOMO;41;L41 ENV AL VACIO;0.00000
"00000414;LOMO;55;L55 MARTIN LISTA;26280.55100
"00000414;LOMO;2;L2 VILLARINO;29266.96640
"00000414;LOMO;52;PM MEAT CHAIN BONARENSE;19546.16400
"00000414;LOMO;4;L3 P ALTA/SIERRA/MONTE;29266.96640
"00000414;LOMO;53;MD;0.00000
"00000414;LOMO;26;L60 TOTO SAPORE;31043.89200
"00000414;LOMO;54;USUARIO FAENA  BBCA;1.00000
"00000414;LOMO;1;L1 COMERCIO;29266.96640
"00000416;FALDA;26;L60 TOTO SAPORE;12124.78300
"00000416;FALDA;54;USUARIO FAENA  BBCA;1.00000
"00000416;FALDA;1;L1 COMERCIO;10358.56640
"00000416;FALDA;41;L41 ENV AL VACIO;0.00000
"00000416;FALDA;55;L55 MARTIN LISTA;8545.82300
"00000416;FALDA;2;L2 VILLARINO;10358.56640
"00000416;FALDA;52;PM MEAT CHAIN BONARENSE;9970.12500
"00000416;FALDA;4;L3 P ALTA/SIERRA/MONTE;10358.56640
"00000416;FALDA;53;MD;0.00000
"00000417;VACIO;4;L3 P ALTA/SIERRA/MONTE;19909.50226
"00000417;VACIO;53;MD;0.00000
"00000417;VACIO;26;L60 TOTO SAPORE;22995.47800
"00000417;VACIO;54;USUARIO FAENA  BBCA;1.00000
"00000417;VACIO;1;L1 COMERCIO;19909.50226
"00000417;VACIO;41;L41 ENV AL VACIO;251.28600
"00000417;VACIO;55;L55 MARTIN LISTA;20586.42300
"00000417;VACIO;2;L2 VILLARINO;19909.50226
"00000417;VACIO;52;PM MEAT CHAIN BONARENSE;17091.63500
"00000418;BOLA DE LOMO;1;L1 COMERCIO;15294.11765
"00000418;BOLA DE LOMO;41;L41 ENV AL VACIO;0.00000
"00000418;BOLA DE LOMO;55;L55 MARTIN LISTA;17091.63500
"00000418;BOLA DE LOMO;2;L2 VILLARINO;15294.11765
"00000418;BOLA DE LOMO;52;PM MEAT CHAIN BONARENSE;15667.34400
"00000418;BOLA DE LOMO;4;L3 P ALTA/SIERRA/MONTE;15294.11765
"00000418;BOLA DE LOMO;53;MD;0.00000
"00000418;BOLA DE LOMO;26;L60 TOTO SAPORE;18189.22172
"00000418;BOLA DE LOMO;54;USUARIO FAENA  BBCA;0.00000
"00000419;PALETA VAC.;4;L3 P ALTA/SIERRA/MONTE;14479.63801
"00000419;PALETA VAC.;53;MD;0.00000
"00000419;PALETA VAC.;26;L60 TOTO SAPORE;19197.71700
"00000419;PALETA VAC.;54;USUARIO FAENA  BBCA;0.00000
"00000419;PALETA VAC.;1;L1 COMERCIO;14479.63801
"00000419;PALETA VAC.;41;L41 ENV AL VACIO;0.00000
"00000419;PALETA VAC.;55;L55 MARTIN LISTA;13140.27000
"00000419;PALETA VAC.;2;L2 VILLARINO;14479.63801
"00000419;PALETA VAC.;52;PM MEAT CHAIN BONARENSE;13797.28900
"00000421;RECORTE DE CARNE;2;L2 VILLARINO;9902.54720
"00000421;RECORTE DE CARNE;52;PM MEAT CHAIN BONARENSE;9257.96300
"00000421;RECORTE DE CARNE;4;L3 P ALTA/SIERRA/MONTE;9902.54720
"00000421;RECORTE DE CARNE;53;MD;3936.65158
"00000421;RECORTE DE CARNE;26;L60 TOTO SAPORE;14145.02100
"00000421;RECORTE DE CARNE;54;USUARIO FAENA  BBCA;0.00000
"00000421;RECORTE DE CARNE;1;L1 COMERCIO;9902.54720
"00000421;RECORTE DE CARNE;41;L41 ENV AL VACIO;0.00000
"00000421;RECORTE DE CARNE;55;L55 MARTIN LISTA;9257.96300
"00000426;CUARTO VACUNO;26;L60 TOTO SAPORE;0.00000
"00000426;CUARTO VACUNO;54;USUARIO FAENA  BBCA;0.00000
"00000426;CUARTO VACUNO;1;L1 COMERCIO;11764.70588
"00000426;CUARTO VACUNO;41;L41 ENV AL VACIO;0.00000
"00000426;CUARTO VACUNO;55;L55 MARTIN LISTA;11764.70588
"00000426;CUARTO VACUNO;2;L2 VILLARINO;11764.70588
"00000426;CUARTO VACUNO;52;PM MEAT CHAIN BONARENSE;11764.70588
"00000426;CUARTO VACUNO;4;L3 P ALTA/SIERRA/MONTE;11764.70588
"00000426;CUARTO VACUNO;53;MD;11764.70588
"00000427;CARACU;1;L1 COMERCIO;9120.75360
"00000427;CARACU;41;L41 ENV AL VACIO;0.00000
"00000427;CARACU;55;L55 MARTIN LISTA;8545.82300
"00000427;CARACU;2;L2 VILLARINO;9120.75360
"00000427;CARACU;52;PM MEAT CHAIN BONARENSE;8545.82300
"00000427;CARACU;4;L3 P ALTA/SIERRA/MONTE;9120.75360
"00000427;CARACU;53;MD;0.00000
"00000427;CARACU;26;L60 TOTO SAPORE;9094.85500
"00000427;CARACU;54;USUARIO FAENA  BBCA;1.00000
"00000428;MEDIA RES VACUNA;1;L1 COMERCIO;10859.72851
"00000428;MEDIA RES VACUNA;54;USUARIO FAENA  BBCA;0.00000
"00000428;MEDIA RES VACUNA;41;L41 ENV AL VACIO;0.00000
"00000428;MEDIA RES VACUNA;53;MD;10859.72851
"00000428;MEDIA RES VACUNA;2;L2 VILLARINO;10859.72851
"00000428;MEDIA RES VACUNA;52;PM MEAT CHAIN BONARENSE;10859.72851
"00000428;MEDIA RES VACUNA;55;L55 MARTIN LISTA;10859.72851
"00000428;MEDIA RES VACUNA;4;L3 P ALTA/SIERRA/MONTE;10859.72851
"00000428;MEDIA RES VACUNA;26;L60 TOTO SAPORE;0.00000
"00000429;TRAQUEAS;53;MD;0.00000
"00000429;TRAQUEAS;41;L41 ENV AL VACIO;0.00000
"00000429;TRAQUEAS;52;PM MEAT CHAIN BONARENSE;0.00000
"00000429;TRAQUEAS;54;USUARIO FAENA  BBCA;1.00000
"00000429;TRAQUEAS;26;L60 TOTO SAPORE;704.58300
"00000429;TRAQUEAS;1;L1 COMERCIO;0.00000
"00000429;TRAQUEAS;4;L3 P ALTA/SIERRA/MONTE;0.00000
"00000429;TRAQUEAS;55;L55 MARTIN LISTA;0.00000
"00000429;TRAQUEAS;2;L2 VILLARINO;0.00000
"00000430;TAPA DE ASADO;53;MD;0.00000
"00000430;TAPA DE ASADO;26;L60 TOTO SAPORE;17131.63100
"00000430;TAPA DE ASADO;54;USUARIO FAENA  BBCA;0.00000
"00000430;TAPA DE ASADO;1;L1 COMERCIO;16623.63360
"00000430;TAPA DE ASADO;41;L41 ENV AL VACIO;0.00000
"00000430;TAPA DE ASADO;55;L55 MARTIN LISTA;14372.17100
"00000430;TAPA DE ASADO;2;L2 VILLARINO;16623.63360
"00000430;TAPA DE ASADO;52;PM MEAT CHAIN BONARENSE;14372.17100
"00000430;TAPA DE ASADO;4;L3 P ALTA/SIERRA/MONTE;16623.63360
"00000431;CORTE PARRILLERO;55;L55 MARTIN LISTA;12488.68778
"00000431;CORTE PARRILLERO;2;L2 VILLARINO;12488.68778
"00000431;CORTE PARRILLERO;52;PM MEAT CHAIN BONARENSE;12488.68778
"00000431;CORTE PARRILLERO;4;L3 P ALTA/SIERRA/MONTE;12488.68778
"00000431;CORTE PARRILLERO;53;MD;12488.68778
"00000431;CORTE PARRILLERO;26;L60 TOTO SAPORE;0.00000
"00000431;CORTE PARRILLERO;54;USUARIO FAENA  BBCA;0.00000
"00000431;CORTE PARRILLERO;1;L1 COMERCIO;12488.68778
"00000431;CORTE PARRILLERO;41;L41 ENV AL VACIO;0.00000
"00000432;DELANTERO;26;L60 TOTO SAPORE;0.00000
"00000432;DELANTERO;54;USUARIO FAENA  BBCA;0.00000
"00000432;DELANTERO;1;L1 COMERCIO;9502.26244
"00000432;DELANTERO;41;L41 ENV AL VACIO;0.00000
"00000432;DELANTERO;55;L55 MARTIN LISTA;9502.26244
"00000432;DELANTERO;2;L2 VILLARINO;9502.26244
"00000432;DELANTERO;52;PM MEAT CHAIN BONARENSE;9502.26244
"00000432;DELANTERO;4;L3 P ALTA/SIERRA/MONTE;9502.26244
"00000432;DELANTERO;53;MD;9502.26244
"00000433;CHINGOLITO;2;L2 VILLARINO;12378.18400
"00000433;CHINGOLITO;52;PM MEAT CHAIN BONARENSE;14372.17100
"00000433;CHINGOLITO;4;L3 P ALTA/SIERRA/MONTE;12378.18400
"00000433;CHINGOLITO;53;MD;0.00000
"00000433;CHINGOLITO;26;L60 TOTO SAPORE;691.24000
"00000433;CHINGOLITO;54;USUARIO FAENA  BBCA;0.00000
"00000433;CHINGOLITO;1;L1 COMERCIO;12378.18400
"00000433;CHINGOLITO;41;L41 ENV AL VACIO;201.49500
"00000433;CHINGOLITO;55;L55 MARTIN LISTA;11502.90900
"00000434;LITORALE¥O;55;L55 MARTIN LISTA;0.00000
"00000434;LITORALE¥O;1;L1 COMERCIO;0.00000
"00000434;LITORALE¥O;53;MD;0.00000
"00000434;LITORALE¥O;41;L41 ENV AL VACIO;0.00000
"00000434;LITORALE¥O;52;PM MEAT CHAIN BONARENSE;0.00000
"00000434;LITORALE¥O;2;L2 VILLARINO;0.00000
"00000434;LITORALE¥O;54;USUARIO FAENA  BBCA;1.00000
"00000434;LITORALE¥O;26;L60 TOTO SAPORE;20206.71400
"00000434;LITORALE¥O;4;L3 P ALTA/SIERRA/MONTE;0.00000
"00000435;BIFE DE CHORIZO;26;L60 TOTO SAPORE;29779.14500
"00000435;BIFE DE CHORIZO;54;USUARIO FAENA  BBCA;0.00000
"00000435;BIFE DE CHORIZO;1;L1 COMERCIO;22535.56480
"00000435;BIFE DE CHORIZO;41;L41 ENV AL VACIO;0.00000
"00000435;BIFE DE CHORIZO;55;L55 MARTIN LISTA;22076.71400
"00000435;BIFE DE CHORIZO;2;L2 VILLARINO;22535.56480
"00000435;BIFE DE CHORIZO;52;PM MEAT CHAIN BONARENSE;21845.70300
"00000435;BIFE DE CHORIZO;4;L3 P ALTA/SIERRA/MONTE;22535.56480
"00000435;BIFE DE CHORIZO;53;MD;0.00000
"00000436;CUARTO PISTOLA;2;L2 VILLARINO;13122.17195
"00000436;CUARTO PISTOLA;52;PM MEAT CHAIN BONARENSE;13122.17195
"00000436;CUARTO PISTOLA;4;L3 P ALTA/SIERRA/MONTE;13122.17195
"00000436;CUARTO PISTOLA;53;MD;13122.17195
"00000436;CUARTO PISTOLA;26;L60 TOTO SAPORE;0.00000
"00000436;CUARTO PISTOLA;54;USUARIO FAENA  BBCA;0.00000
"00000436;CUARTO PISTOLA;1;L1 COMERCIO;13122.17195
"00000436;CUARTO PISTOLA;41;L41 ENV AL VACIO;0.00000
"00000436;CUARTO PISTOLA;55;L55 MARTIN LISTA;13122.17195
"00000438;1/2 RES VACUNA S/DELANTERO;4;L3 P ALTA/SIERRA/MONTE;12307.69231
"00000438;1/2 RES VACUNA S/DELANTERO;53;MD;12307.69231
"00000438;1/2 RES VACUNA S/DELANTERO;26;L60 TOTO SAPORE;0.00000
"00000438;1/2 RES VACUNA S/DELANTERO;54;USUARIO FAENA  BBCA;0.00000
"00000438;1/2 RES VACUNA S/DELANTERO;1;L1 COMERCIO;12307.69231
"00000438;1/2 RES VACUNA S/DELANTERO;41;L41 ENV AL VACIO;0.00000
"00000438;1/2 RES VACUNA S/DELANTERO;55;L55 MARTIN LISTA;12307.69231
"00000438;1/2 RES VACUNA S/DELANTERO;2;L2 VILLARINO;12307.69231
"00000438;1/2 RES VACUNA S/DELANTERO;52;PM MEAT CHAIN BONARENSE;12307.69231
"00000439;1/2 RES VACUNA S/CUARTO;1;L1 COMERCIO;11583.71041
"00000439;1/2 RES VACUNA S/CUARTO;41;L41 ENV AL VACIO;0.00000
"00000439;1/2 RES VACUNA S/CUARTO;55;L55 MARTIN LISTA;11583.71041
"00000439;1/2 RES VACUNA S/CUARTO;2;L2 VILLARINO;11583.71041
"00000439;1/2 RES VACUNA S/CUARTO;52;PM MEAT CHAIN BONARENSE;11583.71041
"00000439;1/2 RES VACUNA S/CUARTO;4;L3 P ALTA/SIERRA/MONTE;11583.71041
"00000439;1/2 RES VACUNA S/CUARTO;53;MD;11583.71041
"00000439;1/2 RES VACUNA S/CUARTO;26;L60 TOTO SAPORE;0.00000
"00000439;1/2 RES VACUNA S/CUARTO;54;USUARIO FAENA  BBCA;0.00000
"00000440;COGOTE;4;L3 P ALTA/SIERRA/MONTE;11726.69120
"00000440;COGOTE;53;MD;0.00000
"00000440;COGOTE;26;L60 TOTO SAPORE;691.24000
"00000440;COGOTE;54;USUARIO FAENA  BBCA;0.00000
"00000440;COGOTE;1;L1 COMERCIO;11726.69120
"00000440;COGOTE;41;L41 ENV AL VACIO;145.51950
"00000440;COGOTE;55;L55 MARTIN LISTA;6760.02800
"00000440;COGOTE;2;L2 VILLARINO;11726.69120
"00000440;COGOTE;52;PM MEAT CHAIN BONARENSE;8545.82300
"00000441;PATA DE TERNERA COCIDA;52;PM MEAT CHAIN BONARENSE;0.00000
"00000441;PATA DE TERNERA COCIDA;1;L1 COMERCIO;0.00000
"00000441;PATA DE TERNERA COCIDA;2;L2 VILLARINO;0.00000
"00000441;PATA DE TERNERA COCIDA;55;L55 MARTIN LISTA;0.00000
"00000441;PATA DE TERNERA COCIDA;4;L3 P ALTA/SIERRA/MONTE;0.00000
"00000441;PATA DE TERNERA COCIDA;41;L41 ENV AL VACIO;0.00000
"00000441;PATA DE TERNERA COCIDA;53;MD;0.00000
"00000441;PATA DE TERNERA COCIDA;54;USUARIO FAENA  BBCA;1.00000
"00000441;PATA DE TERNERA COCIDA;26;L60 TOTO SAPORE;0.00000
"00000442;PALETA C/HUESO;41;L41 ENV AL VACIO;153.51131
"00000442;PALETA C/HUESO;55;L55 MARTIN LISTA;6595.86400
"00000442;PALETA C/HUESO;2;L2 VILLARINO;11726.69120
"00000442;PALETA C/HUESO;52;PM MEAT CHAIN BONARENSE;8968.23400
"00000442;PALETA C/HUESO;4;L3 P ALTA/SIERRA/MONTE;11726.69120
"00000442;PALETA C/HUESO;53;MD;0.00000
"00000442;PALETA C/HUESO;26;L60 TOTO SAPORE;725.30700
"00000442;PALETA C/HUESO;54;USUARIO FAENA  BBCA;1.00000
"00000442;PALETA C/HUESO;1;L1 COMERCIO;11726.69120
"00000443;BIFE C/LOMO;54;USUARIO FAENA  BBCA;1.00000
"00000443;BIFE C/LOMO;26;L60 TOTO SAPORE;725.30700
"00000443;BIFE C/LOMO;53;MD;0.00000
"00000443;BIFE C/LOMO;1;L1 COMERCIO;0.00000
"00000443;BIFE C/LOMO;52;PM MEAT CHAIN BONARENSE;0.00000
"00000443;BIFE C/LOMO;55;L55 MARTIN LISTA;0.00000
"00000443;BIFE C/LOMO;2;L2 VILLARINO;0.00000
"00000443;BIFE C/LOMO;4;L3 P ALTA/SIERRA/MONTE;0.00000
"00000443;BIFE C/LOMO;41;L41 ENV AL VACIO;235.04250
"00000444;ASADO DE ORILLA;55;L55 MARTIN LISTA;6267.14000
"00000444;ASADO DE ORILLA;26;L60 TOTO SAPORE;0.00000
"00000444;ASADO DE ORILLA;54;USUARIO FAENA  BBCA;0.00000
"00000444;ASADO DE ORILLA;1;L1 COMERCIO;10293.42720
"00000444;ASADO DE ORILLA;41;L41 ENV AL VACIO;179.05650
"00000444;ASADO DE ORILLA;2;L2 VILLARINO;10293.42720
"00000444;ASADO DE ORILLA;52;PM MEAT CHAIN BONARENSE;8545.82300
"00000444;ASADO DE ORILLA;4;L3 P ALTA/SIERRA/MONTE;10293.42720
"00000444;ASADO DE ORILLA;53;MD;0.00000
"00000445;TORTUGUITA;26;L60 TOTO SAPORE;0.00000
"00000445;TORTUGUITA;54;USUARIO FAENA  BBCA;0.00000
"00000445;TORTUGUITA;1;L1 COMERCIO;12899.36480
"00000445;TORTUGUITA;41;L41 ENV AL VACIO;0.00000
"00000445;TORTUGUITA;55;L55 MARTIN LISTA;7745.85900
"00000445;TORTUGUITA;2;L2 VILLARINO;12899.36480
"00000445;TORTUGUITA;52;PM MEAT CHAIN BONARENSE;12106.60000
"00000445;TORTUGUITA;4;L3 P ALTA/SIERRA/MONTE;12899.36480
"00000445;TORTUGUITA;53;MD;0.00000
"00000446;CARNE VACUNA;2;L2 VILLARINO;0.00000
"00000446;CARNE VACUNA;4;L3 P ALTA/SIERRA/MONTE;0.00000
"00000446;CARNE VACUNA;54;USUARIO FAENA  BBCA;1.00000
"00000446;CARNE VACUNA;26;L60 TOTO SAPORE;725.30700
"00000446;CARNE VACUNA;1;L1 COMERCIO;0.00000
"00000446;CARNE VACUNA;41;L41 ENV AL VACIO;0.00000
"00000446;CARNE VACUNA;53;MD;0.00000
"00000446;CARNE VACUNA;55;L55 MARTIN LISTA;0.00000
"00000446;CARNE VACUNA;52;PM MEAT CHAIN BONARENSE;0.00000
"00000447;ASADO CONGELADO;52;PM MEAT CHAIN BONARENSE;0.00000
"00000447;ASADO CONGELADO;53;MD;0.00000
"00000447;ASADO CONGELADO;55;L55 MARTIN LISTA;0.00000
"00000447;ASADO CONGELADO;4;L3 P ALTA/SIERRA/MONTE;0.00000
"00000447;ASADO CONGELADO;41;L41 ENV AL VACIO;0.00000
"00000447;ASADO CONGELADO;26;L60 TOTO SAPORE;725.30700
"00000447;ASADO CONGELADO;1;L1 COMERCIO;0.00000
"00000447;ASADO CONGELADO;54;USUARIO FAENA  BBCA;1.00000
"00000447;ASADO CONGELADO;2;L2 VILLARINO;0.00000
"00000448;VACIO CONGELADO;1;L1 COMERCIO;0.00000
"00000448;VACIO CONGELADO;52;PM MEAT CHAIN BONARENSE;0.00000
"00000448;VACIO CONGELADO;41;L41 ENV AL VACIO;0.00000
"00000448;VACIO CONGELADO;2;L2 VILLARINO;0.00000
"00000448;VACIO CONGELADO;55;L55 MARTIN LISTA;0.00000
"00000448;VACIO CONGELADO;4;L3 P ALTA/SIERRA/MONTE;0.00000
"00000448;VACIO CONGELADO;26;L60 TOTO SAPORE;725.30700
"00000448;VACIO CONGELADO;53;MD;0.00000
"00000448;VACIO CONGELADO;54;USUARIO FAENA  BBCA;1.00000
"00000449;AZOTILLO;4;L3 P ALTA/SIERRA/MONTE;0.00000
"00000449;AZOTILLO;41;L41 ENV AL VACIO;0.00000
"00000449;AZOTILLO;54;USUARIO FAENA  BBCA;1.00000
"00000449;AZOTILLO;53;MD;0.00000
"00000449;AZOTILLO;52;PM MEAT CHAIN BONARENSE;0.00000
"00000449;AZOTILLO;1;L1 COMERCIO;0.00000
"00000449;AZOTILLO;55;L55 MARTIN LISTA;0.00000
"00000449;AZOTILLO;26;L60 TOTO SAPORE;0.00000
"00000449;AZOTILLO;2;L2 VILLARINO;0.00000
"00000501;HIGADO;4;L3 P ALTA/SIERRA/MONTE;2756.92480
"00000501;HIGADO;53;MD;2714.93213
"00000501;HIGADO;26;L60 TOTO SAPORE;5116.87000
"00000501;HIGADO;54;USUARIO FAENA  BBCA;1265.70136
"00000501;HIGADO;1;L1 COMERCIO;2756.92480
"00000501;HIGADO;41;L41 ENV AL VACIO;0.00000
"00000501;HIGADO;55;L55 MARTIN LISTA;2707.69400
"00000501;HIGADO;2;L2 VILLARINO;2756.92480
"00000501;HIGADO;52;PM MEAT CHAIN BONARENSE;2707.69400
"00000502;BOFE;1;L1 COMERCIO;369.95840
"00000502;BOFE;41;L41 ENV AL VACIO;0.00000
"00000502;BOFE;55;L55 MARTIN LISTA;363.35200
"00000502;BOFE;2;L2 VILLARINO;369.95840
"00000502;BOFE;52;PM MEAT CHAIN BONARENSE;363.35200
"00000502;BOFE;4;L3 P ALTA/SIERRA/MONTE;369.95840
"00000502;BOFE;53;MD;361.99095
"00000502;BOFE;26;L60 TOTO SAPORE;0.00000
"00000502;BOFE;54;USUARIO FAENA  BBCA;239.45701
"00000503;CORAZON      U;53;MD;6162.89593
"00000503;CORAZON      U;26;L60 TOTO SAPORE;6698.64800
"00000503;CORAZON      U;54;USUARIO FAENA  BBCA;2779.81900
"00000503;CORAZON      U;1;L1 COMERCIO;6274.02720
"00000503;CORAZON      U;41;L41 ENV AL VACIO;0.00000
"00000503;CORAZON      U;55;L55 MARTIN LISTA;6161.99100
"00000503;CORAZON      U;2;L2 VILLARINO;6274.02720
"00000503;CORAZON      U;52;PM MEAT CHAIN BONARENSE;6161.99100
"00000503;CORAZON      U;4;L3 P ALTA/SIERRA/MONTE;6274.02720
"00000504;CUAJO        U;2;L2 VILLARINO;922.35360
"00000504;CUAJO        U;52;PM MEAT CHAIN BONARENSE;905.88300
"00000504;CUAJO        U;4;L3 P ALTA/SIERRA/MONTE;922.35360
"00000504;CUAJO        U;53;MD;904.97738
"00000504;CUAJO        U;26;L60 TOTO SAPORE;4260.31100
"00000504;CUAJO        U;54;USUARIO FAENA  BBCA;598.64253
"00000504;CUAJO        U;1;L1 COMERCIO;922.35360
"00000504;CUAJO        U;41;L41 ENV AL VACIO;0.00000
"00000504;CUAJO        U;55;L55 MARTIN LISTA;905.88300
"00000505;ENTRAÑA;26;L60 TOTO SAPORE;25285.67800
"00000505;ENTRAÑA;54;USUARIO FAENA  BBCA;5174.38914
"00000505;ENTRAÑA;1;L1 COMERCIO;9902.62560
"00000505;ENTRAÑA;41;L41 ENV AL VACIO;0.00000
"00000505;ENTRAÑA;55;L55 MARTIN LISTA;9725.79300
"00000505;ENTRAÑA;2;L2 VILLARINO;9902.62560
"00000505;ENTRAÑA;52;PM MEAT CHAIN BONARENSE;9725.79300
"00000505;ENTRAÑA;4;L3 P ALTA/SIERRA/MONTE;9902.62560
"00000505;ENTRAÑA;53;MD;9728.50679
"00000506;LENGUA;4;L3 P ALTA/SIERRA/MONTE;11909.49760
"00000506;LENGUA;53;MD;11701.35747
"00000506;LENGUA;26;L60 TOTO SAPORE;17528.67600
"00000506;LENGUA;54;USUARIO FAENA  BBCA;7525.79186
"00000506;LENGUA;1;L1 COMERCIO;11909.49760
"00000506;LENGUA;41;L41 ENV AL VACIO;0.00000
"00000506;LENGUA;55;L55 MARTIN LISTA;11696.82800
"00000506;LENGUA;2;L2 VILLARINO;11909.49760
"00000506;LENGUA;52;PM MEAT CHAIN BONARENSE;11696.82800
"00000507;RABOS;41;L41 ENV AL VACIO;0.00000
"00000507;RABOS;55;L55 MARTIN LISTA;4927.60400
"00000507;RABOS;2;L2 VILLARINO;5017.19680
"00000507;RABOS;52;PM MEAT CHAIN BONARENSE;4927.60400
"00000507;RABOS;4;L3 P ALTA/SIERRA/MONTE;5017.19680
"00000507;RABOS;53;MD;4932.12670
"00000507;RABOS;26;L60 TOTO SAPORE;6698.64800
"00000507;RABOS;54;USUARIO FAENA  BBCA;2353.84615
"00000507;RABOS;1;L1 COMERCIO;5017.19680
"00000508;CHINCHULINES K;53;MD;5972.85068
"00000508;CHINCHULINES K;26;L60 TOTO SAPORE;6918.14200
"00000508;CHINCHULINES K;54;USUARIO FAENA  BBCA;3298.64253
"00000508;CHINCHULINES K;1;L1 COMERCIO;6081.44320
"00000508;CHINCHULINES K;41;L41 ENV AL VACIO;0.00000
"00000508;CHINCHULINES K;55;L55 MARTIN LISTA;5972.84600
"00000508;CHINCHULINES K;2;L2 VILLARINO;6081.44320
"00000508;CHINCHULINES K;52;PM MEAT CHAIN BONARENSE;5972.84600
"00000508;CHINCHULINES K;4;L3 P ALTA/SIERRA/MONTE;6081.44320
"00000509;MONDONGO;2;L2 VILLARINO;4814.47680
"00000509;MONDONGO;52;PM MEAT CHAIN BONARENSE;4728.50400
"00000509;MONDONGO;4;L3 P ALTA/SIERRA/MONTE;4814.47680
"00000509;MONDONGO;53;MD;4733.03167
"00000509;MONDONGO;26;L60 TOTO SAPORE;6876.22100
"00000509;MONDONGO;54;USUARIO FAENA  BBCA;3123.52941
"00000509;MONDONGO;1;L1 COMERCIO;4814.47680
"00000509;MONDONGO;41;L41 ENV AL VACIO;0.00000
"00000509;MONDONGO;55;L55 MARTIN LISTA;4728.50400
"00000510;PARRILLADA COMPLETA  U;53;MD;0.00000
"00000510;PARRILLADA COMPLETA  U;2;L2 VILLARINO;0.00000
"00000510;PARRILLADA COMPLETA  U;52;PM MEAT CHAIN BONARENSE;0.00000
"00000510;PARRILLADA COMPLETA  U;4;L3 P ALTA/SIERRA/MONTE;0.00000
"00000510;PARRILLADA COMPLETA  U;54;USUARIO FAENA  BBCA;1.00000
"00000510;PARRILLADA COMPLETA  U;26;L60 TOTO SAPORE;4872.58200
"00000510;PARRILLADA COMPLETA  U;41;L41 ENV AL VACIO;0.00000
"00000510;PARRILLADA COMPLETA  U;55;L55 MARTIN LISTA;0.00000
"00000510;PARRILLADA COMPLETA  U;1;L1 COMERCIO;0.00000
"00000511;QUIJADA      U;54;USUARIO FAENA  BBCA;1710.40724
"00000511;QUIJADA      U;1;L1 COMERCIO;4409.04800
"00000511;QUIJADA      U;41;L41 ENV AL VACIO;0.00000
"00000511;QUIJADA      U;55;L55 MARTIN LISTA;4330.31500
"00000511;QUIJADA      U;2;L2 VILLARINO;4409.04800
"00000511;QUIJADA      U;52;PM MEAT CHAIN BONARENSE;4330.31500
"00000511;QUIJADA      U;4;L3 P ALTA/SIERRA/MONTE;4409.04800
"00000511;QUIJADA      U;53;MD;4334.84163
"00000511;QUIJADA      U;26;L60 TOTO SAPORE;5627.83100
"00000512;RINONES      U;4;L3 P ALTA/SIERRA/MONTE;4834.74880
"00000512;RINONES      U;53;MD;4751.13122
"00000512;RINONES      U;26;L60 TOTO SAPORE;5524.49700
"00000512;RINONES      U;54;USUARIO FAENA  BBCA;2952.48869
"00000512;RINONES      U;1;L1 COMERCIO;4834.74880
"00000512;RINONES      U;41;L41 ENV AL VACIO;0.00000
"00000512;RINONES      U;55;L55 MARTIN LISTA;4748.41400
"00000512;RINONES      U;2;L2 VILLARINO;4834.74880
"00000512;RINONES      U;52;PM MEAT CHAIN BONARENSE;4748.41400
"00000513;SESOS        U;41;L41 ENV AL VACIO;0.00000
"00000513;SESOS        U;55;L55 MARTIN LISTA;3683.26200
"00000513;SESOS        U;2;L2 VILLARINO;3750.23040
"00000513;SESOS        U;52;PM MEAT CHAIN BONARENSE;3683.26200
"00000513;SESOS        U;4;L3 P ALTA/SIERRA/MONTE;3750.23040
"00000513;SESOS        U;53;MD;3683.25792
"00000513;SESOS        U;26;L60 TOTO SAPORE;5524.49700
"00000513;SESOS        U;54;USUARIO FAENA  BBCA;1966.96833
"00000513;SESOS        U;1;L1 COMERCIO;3750.23040
"00000514;TRIPA GORDA;26;L60 TOTO SAPORE;4421.64800
"00000514;TRIPA GORDA;54;USUARIO FAENA  BBCA;940.72398
"00000514;TRIPA GORDA;1;L1 COMERCIO;1510.23040
"00000514;TRIPA GORDA;41;L41 ENV AL VACIO;0.00000
"00000514;TRIPA GORDA;55;L55 MARTIN LISTA;1483.26200
"00000514;TRIPA GORDA;2;L2 VILLARINO;1510.23040
"00000514;TRIPA GORDA;52;PM MEAT CHAIN BONARENSE;1483.26200
"00000514;TRIPA GORDA;4;L3 P ALTA/SIERRA/MONTE;1510.23040
"00000514;TRIPA GORDA;53;MD;1493.21267
"00000515;MOLLEJA      K;4;L3 P ALTA/SIERRA/MONTE;23076.92308
"00000515;MOLLEJA      K;55;L55 MARTIN LISTA;22179.19000
"00000515;MOLLEJA      K;53;MD;22171.94570
"00000515;MOLLEJA      K;26;L60 TOTO SAPORE;26144.22624
"00000515;MOLLEJA      K;1;L1 COMERCIO;23076.92308
"00000515;MOLLEJA      K;41;L41 ENV AL VACIO;0.00000
"00000515;MOLLEJA      K;54;USUARIO FAENA  BBCA;7867.87330
"00000515;MOLLEJA      K;2;L2 VILLARINO;23076.92308
"00000515;MOLLEJA      K;52;PM MEAT CHAIN BONARENSE;22179.19000
"00000516;TENDON       K;2;L2 VILLARINO;5767.23840
"00000516;TENDON       K;52;PM MEAT CHAIN BONARENSE;5664.25200
"00000516;TENDON       K;4;L3 P ALTA/SIERRA/MONTE;5767.23840
"00000516;TENDON       K;53;MD;5666.96833
"00000516;TENDON       K;26;L60 TOTO SAPORE;8109.29900
"00000516;TENDON       K;54;USUARIO FAENA  BBCA;3294.57014
"00000516;TENDON       K;1;L1 COMERCIO;5767.23840
"00000516;TENDON       K;41;L41 ENV AL VACIO;0.00000
"00000516;TENDON       K;55;L55 MARTIN LISTA;5664.25200
"00000517;UBRE         K;54;USUARIO FAENA  BBCA;2822.17195
"00000517;UBRE         K;1;L1 COMERCIO;4348.23200
"00000517;UBRE         K;41;L41 ENV AL VACIO;0.00000
"00000517;UBRE         K;55;L55 MARTIN LISTA;4270.58500
"00000517;UBRE         K;2;L2 VILLARINO;4348.23200
"00000517;UBRE         K;52;PM MEAT CHAIN BONARENSE;4270.58500
"00000517;UBRE         K;4;L3 P ALTA/SIERRA/MONTE;4348.23200
"00000517;UBRE         K;53;MD;4271.49321
"00000517;UBRE         K;26;L60 TOTO SAPORE;7535.78100
"00000518;GRASA VACUNA;1;L1 COMERCIO;638.55680
"00000518;GRASA VACUNA;54;USUARIO FAENA  BBCA;1.00000
"00000518;GRASA VACUNA;26;L60 TOTO SAPORE;0.00000
"00000518;GRASA VACUNA;2;L2 VILLARINO;638.55680
"00000518;GRASA VACUNA;55;L55 MARTIN LISTA;0.00000
"00000518;GRASA VACUNA;52;PM MEAT CHAIN BONARENSE;627.15400
"00000518;GRASA VACUNA;4;L3 P ALTA/SIERRA/MONTE;638.55680
"00000518;GRASA VACUNA;53;MD;633.48416
"00000518;GRASA VACUNA;41;L41 ENV AL VACIO;0.00000
"00000519;RI¥ONES X KG.;52;PM MEAT CHAIN BONARENSE;0.00000
"00000519;RI¥ONES X KG.;54;USUARIO FAENA  BBCA;1.00000
"00000519;RI¥ONES X KG.;53;MD;0.00000
"00000519;RI¥ONES X KG.;26;L60 TOTO SAPORE;0.00000
"00000519;RI¥ONES X KG.;4;L3 P ALTA/SIERRA/MONTE;0.00000
"00000519;RI¥ONES X KG.;55;L55 MARTIN LISTA;0.00000
"00000519;RI¥ONES X KG.;1;L1 COMERCIO;0.00000
"00000519;RI¥ONES X KG.;41;L41 ENV AL VACIO;201.78281
"00000519;RI¥ONES X KG.;2;L2 VILLARINO;0.00000
"00000520;BOLSAS DE MENUDENCIA;53;MD;0.00000
"00000520;BOLSAS DE MENUDENCIA;4;L3 P ALTA/SIERRA/MONTE;0.00000
"00000520;BOLSAS DE MENUDENCIA;41;L41 ENV AL VACIO;0.00000
"00000520;BOLSAS DE MENUDENCIA;54;USUARIO FAENA  BBCA;1.00000
"00000520;BOLSAS DE MENUDENCIA;52;PM MEAT CHAIN BONARENSE;0.00000
"00000520;BOLSAS DE MENUDENCIA;1;L1 COMERCIO;0.00000
"00000520;BOLSAS DE MENUDENCIA;26;L60 TOTO SAPORE;0.00000
"00000520;BOLSAS DE MENUDENCIA;2;L2 VILLARINO;0.00000
"00000520;BOLSAS DE MENUDENCIA;55;L55 MARTIN LISTA;0.00000
"00000600;PERCEPCION CUEROS;26;L60 TOTO SAPORE;0.00000
"00000600;PERCEPCION CUEROS;1;L1 COMERCIO;0.00000
"00000600;PERCEPCION CUEROS;55;L55 MARTIN LISTA;0.00000
"00000600;PERCEPCION CUEROS;53;MD;0.00000
"00000600;PERCEPCION CUEROS;4;L3 P ALTA/SIERRA/MONTE;0.00000
"00000600;PERCEPCION CUEROS;2;L2 VILLARINO;0.00000
"00000600;PERCEPCION CUEROS;41;L41 ENV AL VACIO;0.00000
"00000600;PERCEPCION CUEROS;54;USUARIO FAENA  BBCA;1.00000
"00000600;PERCEPCION CUEROS;52;PM MEAT CHAIN BONARENSE;0.00000
"00000601;SERVICIO DE FAENA;4;L3 P ALTA/SIERRA/MONTE;0.00000
"00000601;SERVICIO DE FAENA;53;MD;0.00000
"00000601;SERVICIO DE FAENA;26;L60 TOTO SAPORE;0.00000
"00000601;SERVICIO DE FAENA;54;USUARIO FAENA  BBCA;1.00000
"00000601;SERVICIO DE FAENA;1;L1 COMERCIO;0.00000
"00000601;SERVICIO DE FAENA;41;L41 ENV AL VACIO;0.00000
"00000601;SERVICIO DE FAENA;55;L55 MARTIN LISTA;0.00000
"00000601;SERVICIO DE FAENA;2;L2 VILLARINO;0.00000
"00000601;SERVICIO DE FAENA;52;PM MEAT CHAIN BONARENSE;0.00000
"00000700;PRECIO BONIFICADO CARNE;54;USUARIO FAENA  BBCA;1.00000
"00000700;PRECIO BONIFICADO CARNE;26;L60 TOTO SAPORE;0.00000
"00000700;PRECIO BONIFICADO CARNE;53;MD;0.00000
"00000700;PRECIO BONIFICADO CARNE;1;L1 COMERCIO;0.00000
"00000700;PRECIO BONIFICADO CARNE;41;L41 ENV AL VACIO;0.00000
"00000700;PRECIO BONIFICADO CARNE;55;L55 MARTIN LISTA;0.00000
"00000700;PRECIO BONIFICADO CARNE;52;PM MEAT CHAIN BONARENSE;0.00000
"00000700;PRECIO BONIFICADO CARNE;2;L2 VILLARINO;0.00000
"00000700;PRECIO BONIFICADO CARNE;4;L3 P ALTA/SIERRA/MONTE;0.00000
"00000750;PRECIO BONIFICADO CERDO;1;L1 COMERCIO;0.00000
"00000750;PRECIO BONIFICADO CERDO;53;MD;0.00000
"00000750;PRECIO BONIFICADO CERDO;41;L41 ENV AL VACIO;0.00000
"00000750;PRECIO BONIFICADO CERDO;52;PM MEAT CHAIN BONARENSE;0.00000
"00000750;PRECIO BONIFICADO CERDO;2;L2 VILLARINO;0.00000
"00000750;PRECIO BONIFICADO CERDO;54;USUARIO FAENA  BBCA;1.00000
"00000750;PRECIO BONIFICADO CERDO;4;L3 P ALTA/SIERRA/MONTE;0.00000
"00000750;PRECIO BONIFICADO CERDO;55;L55 MARTIN LISTA;0.00000
"00000750;PRECIO BONIFICADO CERDO;26;L60 TOTO SAPORE;0.00000
"00000800;PRECIO BONIFICADO FIAMBRE;2;L2 VILLARINO;0.00000
"00000800;PRECIO BONIFICADO FIAMBRE;55;L55 MARTIN LISTA;0.00000
"00000800;PRECIO BONIFICADO FIAMBRE;4;L3 P ALTA/SIERRA/MONTE;0.00000
"00000800;PRECIO BONIFICADO FIAMBRE;26;L60 TOTO SAPORE;0.00000
"00000800;PRECIO BONIFICADO FIAMBRE;53;MD;0.00000
"00000800;PRECIO BONIFICADO FIAMBRE;54;USUARIO FAENA  BBCA;1.00000
"00000800;PRECIO BONIFICADO FIAMBRE;1;L1 COMERCIO;0.00000
"00000800;PRECIO BONIFICADO FIAMBRE;41;L41 ENV AL VACIO;0.00000
"00000800;PRECIO BONIFICADO FIAMBRE;52;PM MEAT CHAIN BONARENSE;0.00000
"00000850;HAMBURGUESA BARRA;41;L41 ENV AL VACIO;0.00000
"00000850;HAMBURGUESA BARRA;2;L2 VILLARINO;0.00000
"00000850;HAMBURGUESA BARRA;52;PM MEAT CHAIN BONARENSE;0.00000
"00000850;HAMBURGUESA BARRA;26;L60 TOTO SAPORE;725.30700
"00000850;HAMBURGUESA BARRA;55;L55 MARTIN LISTA;0.00000
"00000850;HAMBURGUESA BARRA;53;MD;0.00000
"00000850;HAMBURGUESA BARRA;4;L3 P ALTA/SIERRA/MONTE;0.00000
"00000850;HAMBURGUESA BARRA;1;L1 COMERCIO;0.00000
"00000850;HAMBURGUESA BARRA;54;USUARIO FAENA  BBCA;1.00000
"00005000;JAMON COCIDO MITY;52;PM MEAT CHAIN BONARENSE;0.00000
"00005000;JAMON COCIDO MITY;4;L3 P ALTA/SIERRA/MONTE;0.00000
"00005000;JAMON COCIDO MITY;54;USUARIO FAENA  BBCA;1.00000
"00005000;JAMON COCIDO MITY;41;L41 ENV AL VACIO;0.00000
"00005000;JAMON COCIDO MITY;26;L60 TOTO SAPORE;0.00000
"00005000;JAMON COCIDO MITY;55;L55 MARTIN LISTA;0.00000
"00005000;JAMON COCIDO MITY;1;L1 COMERCIO;0.00000
"00005000;JAMON COCIDO MITY;53;MD;0.00000
"00005000;JAMON COCIDO MITY;2;L2 VILLARINO;0.00000
"00005001;MORTADELA FAMILIAR MITY;4;L3 P ALTA/SIERRA/MONTE;0.00000
"00005001;MORTADELA FAMILIAR MITY;41;L41 ENV AL VACIO;0.00000
"00005001;MORTADELA FAMILIAR MITY;54;USUARIO FAENA  BBCA;1.00000
"00005001;MORTADELA FAMILIAR MITY;53;MD;0.00000
"00005001;MORTADELA FAMILIAR MITY;1;L1 COMERCIO;0.00000
"00005001;MORTADELA FAMILIAR MITY;52;PM MEAT CHAIN BONARENSE;0.00000
"00005001;MORTADELA FAMILIAR MITY;26;L60 TOTO SAPORE;0.00000
"00005001;MORTADELA FAMILIAR MITY;2;L2 VILLARINO;0.00000
"00005001;MORTADELA FAMILIAR MITY;55;L55 MARTIN LISTA;0.00000
"00005002;SALCHICHON PRIMAVERA MITY;4;L3 P ALTA/SIERRA/MONTE;0.00000
"00005002;SALCHICHON PRIMAVERA MITY;26;L60 TOTO SAPORE;0.00000
"00005002;SALCHICHON PRIMAVERA MITY;55;L55 MARTIN LISTA;0.00000
"00005002;SALCHICHON PRIMAVERA MITY;53;MD;0.00000
"00005002;SALCHICHON PRIMAVERA MITY;41;L41 ENV AL VACIO;0.00000
"00005002;SALCHICHON PRIMAVERA MITY;52;PM MEAT CHAIN BONARENSE;0.00000
"00005002;SALCHICHON PRIMAVERA MITY;1;L1 COMERCIO;0.00000
"00005002;SALCHICHON PRIMAVERA MITY;54;USUARIO FAENA  BBCA;1.00000
"00005002;SALCHICHON PRIMAVERA MITY;2;L2 VILLARINO;0.00000
"00005003;SALCHICHON CON JAMON MITY;4;L3 P ALTA/SIERRA/MONTE;0.00000
"00005003;SALCHICHON CON JAMON MITY;54;USUARIO FAENA  BBCA;1.00000
"00005003;SALCHICHON CON JAMON MITY;53;MD;0.00000
"00005003;SALCHICHON CON JAMON MITY;52;PM MEAT CHAIN BONARENSE;0.00000
"00005003;SALCHICHON CON JAMON MITY;41;L41 ENV AL VACIO;0.00000
"00005003;SALCHICHON CON JAMON MITY;26;L60 TOTO SAPORE;0.00000
"00005003;SALCHICHON CON JAMON MITY;55;L55 MARTIN LISTA;0.00000
"00005003;SALCHICHON CON JAMON MITY;1;L1 COMERCIO;0.00000
"00005003;SALCHICHON CON JAMON MITY;2;L2 VILLARINO;0.00000
"00005004;QUESO DE CERDO MITY;41;L41 ENV AL VACIO;0.00000
"00005004;QUESO DE CERDO MITY;54;USUARIO FAENA  BBCA;1.00000
"00005004;QUESO DE CERDO MITY;1;L1 COMERCIO;0.00000
"00005004;QUESO DE CERDO MITY;26;L60 TOTO SAPORE;0.00000
"00005004;QUESO DE CERDO MITY;55;L55 MARTIN LISTA;0.00000
"00005004;QUESO DE CERDO MITY;2;L2 VILLARINO;0.00000
"00005004;QUESO DE CERDO MITY;4;L3 P ALTA/SIERRA/MONTE;0.00000
"00005004;QUESO DE CERDO MITY;52;PM MEAT CHAIN BONARENSE;0.00000
"00005004;QUESO DE CERDO MITY;53;MD;0.00000
"00005005;MORCILLON CON LENGUA MITY;41;L41 ENV AL VACIO;0.00000
"00005005;MORCILLON CON LENGUA MITY;1;L1 COMERCIO;0.00000
"00005005;MORCILLON CON LENGUA MITY;54;USUARIO FAENA  BBCA;1.00000
"00005005;MORCILLON CON LENGUA MITY;2;L2 VILLARINO;0.00000
"00005005;MORCILLON CON LENGUA MITY;52;PM MEAT CHAIN BONARENSE;0.00000
"00005005;MORCILLON CON LENGUA MITY;53;MD;0.00000
"00005005;MORCILLON CON LENGUA MITY;26;L60 TOTO SAPORE;0.00000
"00005005;MORCILLON CON LENGUA MITY;4;L3 P ALTA/SIERRA/MONTE;0.00000
"00005005;MORCILLON CON LENGUA MITY;55;L55 MARTIN LISTA;0.00000
"00005006;PANCETA SALADA MITY;41;L41 ENV AL VACIO;0.00000
"00005006;PANCETA SALADA MITY;26;L60 TOTO SAPORE;0.00000
"00005006;PANCETA SALADA MITY;55;L55 MARTIN LISTA;0.00000
"00005006;PANCETA SALADA MITY;1;L1 COMERCIO;0.00000
"00005006;PANCETA SALADA MITY;52;PM MEAT CHAIN BONARENSE;0.00000
"00005006;PANCETA SALADA MITY;53;MD;0.00000
"00005006;PANCETA SALADA MITY;2;L2 VILLARINO;0.00000
"00005006;PANCETA SALADA MITY;54;USUARIO FAENA  BBCA;1.00000
"00005006;PANCETA SALADA MITY;4;L3 P ALTA/SIERRA/MONTE;0.00000
"00005007;PANCETA AHUMADA MITY;41;L41 ENV AL VACIO;0.00000
"00005007;PANCETA AHUMADA MITY;54;USUARIO FAENA  BBCA;1.00000
"00005007;PANCETA AHUMADA MITY;52;PM MEAT CHAIN BONARENSE;0.00000
"00005007;PANCETA AHUMADA MITY;53;MD;0.00000
"00005007;PANCETA AHUMADA MITY;1;L1 COMERCIO;0.00000
"00005007;PANCETA AHUMADA MITY;26;L60 TOTO SAPORE;0.00000
"00005007;PANCETA AHUMADA MITY;55;L55 MARTIN LISTA;0.00000
"00005007;PANCETA AHUMADA MITY;2;L2 VILLARINO;0.00000
"00005007;PANCETA AHUMADA MITY;4;L3 P ALTA/SIERRA/MONTE;0.00000
"00005008;SALAME MILAN MITY;1;L1 COMERCIO;0.00000
"00005008;SALAME MILAN MITY;54;USUARIO FAENA  BBCA;1.00000
"00005008;SALAME MILAN MITY;2;L2 VILLARINO;0.00000
"00005008;SALAME MILAN MITY;26;L60 TOTO SAPORE;0.00000
"00005008;SALAME MILAN MITY;4;L3 P ALTA/SIERRA/MONTE;0.00000
"00005008;SALAME MILAN MITY;55;L55 MARTIN LISTA;0.00000
"00005008;SALAME MILAN MITY;52;PM MEAT CHAIN BONARENSE;0.00000
"00005008;SALAME MILAN MITY;53;MD;0.00000
"00005008;SALAME MILAN MITY;41;L41 ENV AL VACIO;0.00000
"00005009;CANTIMPALO MITY;55;L55 MARTIN LISTA;0.00000
"00005009;CANTIMPALO MITY;1;L1 COMERCIO;0.00000
"00005009;CANTIMPALO MITY;2;L2 VILLARINO;0.00000
"00005009;CANTIMPALO MITY;54;USUARIO FAENA  BBCA;1.00000
"00005009;CANTIMPALO MITY;52;PM MEAT CHAIN BONARENSE;0.00000
"00005009;CANTIMPALO MITY;4;L3 P ALTA/SIERRA/MONTE;0.00000
"00005009;CANTIMPALO MITY;53;MD;0.00000
"00005009;CANTIMPALO MITY;41;L41 ENV AL VACIO;0.00000
"00005009;CANTIMPALO MITY;26;L60 TOTO SAPORE;0.00000
"00005010;LONGANIZA CALABREZA MITY;1;L1 COMERCIO;0.00000
"00005010;LONGANIZA CALABREZA MITY;26;L60 TOTO SAPORE;0.00000
"00005010;LONGANIZA CALABREZA MITY;55;L55 MARTIN LISTA;0.00000
"00005010;LONGANIZA CALABREZA MITY;2;L2 VILLARINO;0.00000
"00005010;LONGANIZA CALABREZA MITY;52;PM MEAT CHAIN BONARENSE;0.00000
"00005010;LONGANIZA CALABREZA MITY;53;MD;0.00000
"00005010;LONGANIZA CALABREZA MITY;4;L3 P ALTA/SIERRA/MONTE;0.00000
"00005010;LONGANIZA CALABREZA MITY;41;L41 ENV AL VACIO;0.00000
"00005010;LONGANIZA CALABREZA MITY;54;USUARIO FAENA  BBCA;1.00000
"00005011;SALAMIN PICADO FINO MITY;52;PM MEAT CHAIN BONARENSE;0.00000
"00005011;SALAMIN PICADO FINO MITY;54;USUARIO FAENA  BBCA;1.00000
"00005011;SALAMIN PICADO FINO MITY;53;MD;0.00000
"00005011;SALAMIN PICADO FINO MITY;1;L1 COMERCIO;0.00000
"00005011;SALAMIN PICADO FINO MITY;2;L2 VILLARINO;0.00000
"00005011;SALAMIN PICADO FINO MITY;26;L60 TOTO SAPORE;0.00000
"00005011;SALAMIN PICADO FINO MITY;55;L55 MARTIN LISTA;0.00000
"00005011;SALAMIN PICADO FINO MITY;4;L3 P ALTA/SIERRA/MONTE;0.00000
"00005011;SALAMIN PICADO FINO MITY;41;L41 ENV AL VACIO;0.00000
"00005012;SALAMIN PICADO GRUESO MITY;1;L1 COMERCIO;0.00000
"00005012;SALAMIN PICADO GRUESO MITY;2;L2 VILLARINO;0.00000
"00005012;SALAMIN PICADO GRUESO MITY;54;USUARIO FAENA  BBCA;1.00000
"00005012;SALAMIN PICADO GRUESO MITY;4;L3 P ALTA/SIERRA/MONTE;0.00000
"00005012;SALAMIN PICADO GRUESO MITY;26;L60 TOTO SAPORE;0.00000
"00005012;SALAMIN PICADO GRUESO MITY;55;L55 MARTIN LISTA;0.00000
"00005012;SALAMIN PICADO GRUESO MITY;52;PM MEAT CHAIN BONARENSE;0.00000
"00005012;SALAMIN PICADO GRUESO MITY;53;MD;0.00000
"00005012;SALAMIN PICADO GRUESO MITY;41;L41 ENV AL VACIO;0.00000
"00005013;SALAMIN TIPO CASERO MITY;1;L1 COMERCIO;0.00000
"00005013;SALAMIN TIPO CASERO MITY;55;L55 MARTIN LISTA;0.00000
"00005013;SALAMIN TIPO CASERO MITY;2;L2 VILLARINO;0.00000
"00005013;SALAMIN TIPO CASERO MITY;52;PM MEAT CHAIN BONARENSE;0.00000
"00005013;SALAMIN TIPO CASERO MITY;4;L3 P ALTA/SIERRA/MONTE;0.00000
"00005013;SALAMIN TIPO CASERO MITY;53;MD;0.00000
"00005013;SALAMIN TIPO CASERO MITY;54;USUARIO FAENA  BBCA;1.00000
"00005013;SALAMIN TIPO CASERO MITY;41;L41 ENV AL VACIO;0.00000
"00005013;SALAMIN TIPO CASERO MITY;26;L60 TOTO SAPORE;0.00000
"00005014;PALETA SANDWICHERA 303;1;L1 COMERCIO;0.00000
"00005014;PALETA SANDWICHERA 303;26;L60 TOTO SAPORE;0.00000
"00005014;PALETA SANDWICHERA 303;2;L2 VILLARINO;0.00000
"00005014;PALETA SANDWICHERA 303;52;PM MEAT CHAIN BONARENSE;0.00000
"00005014;PALETA SANDWICHERA 303;55;L55 MARTIN LISTA;0.00000
"00005014;PALETA SANDWICHERA 303;53;MD;0.00000
"00005014;PALETA SANDWICHERA 303;4;L3 P ALTA/SIERRA/MONTE;0.00000
"00005014;PALETA SANDWICHERA 303;41;L41 ENV AL VACIO;0.00000
"00005014;PALETA SANDWICHERA 303;54;USUARIO FAENA  BBCA;1.00000
"00005015;SALAMIN BASTON;52;PM MEAT CHAIN BONARENSE;0.00000
"00005015;SALAMIN BASTON;53;MD;0.00000
"00005015;SALAMIN BASTON;54;USUARIO FAENA  BBCA;1.00000
"00005015;SALAMIN BASTON;2;L2 VILLARINO;0.00000
"00005015;SALAMIN BASTON;4;L3 P ALTA/SIERRA/MONTE;0.00000
"00005015;SALAMIN BASTON;26;L60 TOTO SAPORE;0.00000
"00005015;SALAMIN BASTON;55;L55 MARTIN LISTA;0.00000
"00005015;SALAMIN BASTON;41;L41 ENV AL VACIO;0.00000
"00005015;SALAMIN BASTON;1;L1 COMERCIO;0.00000
"00005016;PERNIL DE CERDO MITY;2;L2 VILLARINO;0.00000
"00005016;PERNIL DE CERDO MITY;4;L3 P ALTA/SIERRA/MONTE;0.00000
"00005016;PERNIL DE CERDO MITY;54;USUARIO FAENA  BBCA;1.00000
"00005016;PERNIL DE CERDO MITY;41;L41 ENV AL VACIO;0.00000
"00005016;PERNIL DE CERDO MITY;52;PM MEAT CHAIN BONARENSE;0.00000
"00005016;PERNIL DE CERDO MITY;26;L60 TOTO SAPORE;0.00000
"00005016;PERNIL DE CERDO MITY;53;MD;0.00000
"00005016;PERNIL DE CERDO MITY;55;L55 MARTIN LISTA;0.00000
"00005016;PERNIL DE CERDO MITY;1;L1 COMERCIO;0.00000
"00005017;MORTADELA CA¥ON MITY;26;L60 TOTO SAPORE;0.00000
"00005017;MORTADELA CA¥ON MITY;2;L2 VILLARINO;0.00000
"00005017;MORTADELA CA¥ON MITY;55;L55 MARTIN LISTA;0.00000
"00005017;MORTADELA CA¥ON MITY;4;L3 P ALTA/SIERRA/MONTE;0.00000
"00005017;MORTADELA CA¥ON MITY;52;PM MEAT CHAIN BONARENSE;0.00000
"00005017;MORTADELA CA¥ON MITY;53;MD;0.00000
"00005017;MORTADELA CA¥ON MITY;41;L41 ENV AL VACIO;0.00000
"00005017;MORTADELA CA¥ON MITY;54;USUARIO FAENA  BBCA;1.00000
"00005017;MORTADELA CA¥ON MITY;1;L1 COMERCIO;0.00000
"00005018;LEBER WURST MITY;4;L3 P ALTA/SIERRA/MONTE;0.00000
"00005018;LEBER WURST MITY;53;MD;0.00000
"00005018;LEBER WURST MITY;26;L60 TOTO SAPORE;0.00000
"00005018;LEBER WURST MITY;55;L55 MARTIN LISTA;0.00000
"00005018;LEBER WURST MITY;1;L1 COMERCIO;0.00000
"00005018;LEBER WURST MITY;41;L41 ENV AL VACIO;0.00000
"00005018;LEBER WURST MITY;2;L2 VILLARINO;0.00000
"00005018;LEBER WURST MITY;52;PM MEAT CHAIN BONARENSE;0.00000
"00005018;LEBER WURST MITY;54;USUARIO FAENA  BBCA;1.00000
"00005019;SALCHICHA DE VIENA MITY;1;L1 COMERCIO;0.00000
"00005019;SALCHICHA DE VIENA MITY;41;L41 ENV AL VACIO;0.00000
"00005019;SALCHICHA DE VIENA MITY;54;USUARIO FAENA  BBCA;1.00000
"00005019;SALCHICHA DE VIENA MITY;2;L2 VILLARINO;0.00000
"00005019;SALCHICHA DE VIENA MITY;52;PM MEAT CHAIN BONARENSE;0.00000
"00005019;SALCHICHA DE VIENA MITY;53;MD;0.00000
"00005019;SALCHICHA DE VIENA MITY;55;L55 MARTIN LISTA;0.00000
"00005019;SALCHICHA DE VIENA MITY;4;L3 P ALTA/SIERRA/MONTE;0.00000
"00005019;SALCHICHA DE VIENA MITY;26;L60 TOTO SAPORE;0.00000
"00005020;NAKUS MITY;2;L2 VILLARINO;0.00000
"00005020;NAKUS MITY;52;PM MEAT CHAIN BONARENSE;0.00000
"00005020;NAKUS MITY;4;L3 P ALTA/SIERRA/MONTE;0.00000
"00005020;NAKUS MITY;54;USUARIO FAENA  BBCA;1.00000
"00005020;NAKUS MITY;26;L60 TOTO SAPORE;0.00000
"00005020;NAKUS MITY;1;L1 COMERCIO;0.00000
"00005020;NAKUS MITY;41;L41 ENV AL VACIO;0.00000
"00005020;NAKUS MITY;53;MD;0.00000
"00005020;NAKUS MITY;55;L55 MARTIN LISTA;0.00000
"00005021;HAMBURGUESA * 4 MITY;26;L60 TOTO SAPORE;0.00000
"00005021;HAMBURGUESA * 4 MITY;53;MD;0.00000
"00005021;HAMBURGUESA * 4 MITY;55;L55 MARTIN LISTA;0.00000
"00005021;HAMBURGUESA * 4 MITY;1;L1 COMERCIO;0.00000
"00005021;HAMBURGUESA * 4 MITY;41;L41 ENV AL VACIO;0.00000
"00005021;HAMBURGUESA * 4 MITY;2;L2 VILLARINO;0.00000
"00005021;HAMBURGUESA * 4 MITY;52;PM MEAT CHAIN BONARENSE;0.00000
"00005021;HAMBURGUESA * 4 MITY;54;USUARIO FAENA  BBCA;1.00000
"00005021;HAMBURGUESA * 4 MITY;4;L3 P ALTA/SIERRA/MONTE;0.00000
"00005022;HAMBURGUESA * KG MITY;54;USUARIO FAENA  BBCA;1.00000
"00005022;HAMBURGUESA * KG MITY;2;L2 VILLARINO;0.00000
"00005022;HAMBURGUESA * KG MITY;52;PM MEAT CHAIN BONARENSE;0.00000
"00005022;HAMBURGUESA * KG MITY;53;MD;0.00000
"00005022;HAMBURGUESA * KG MITY;4;L3 P ALTA/SIERRA/MONTE;0.00000
"00005022;HAMBURGUESA * KG MITY;55;L55 MARTIN LISTA;0.00000
"00005022;HAMBURGUESA * KG MITY;26;L60 TOTO SAPORE;0.00000
"00005022;HAMBURGUESA * KG MITY;1;L1 COMERCIO;0.00000
"00005022;HAMBURGUESA * KG MITY;41;L41 ENV AL VACIO;0.00000
"00005023;LONGANIZA ESPA¥OLA MITY;2;L2 VILLARINO;0.00000
"00005023;LONGANIZA ESPA¥OLA MITY;52;PM MEAT CHAIN BONARENSE;0.00000
"00005023;LONGANIZA ESPA¥OLA MITY;53;MD;0.00000
"00005023;LONGANIZA ESPA¥OLA MITY;4;L3 P ALTA/SIERRA/MONTE;0.00000
"00005023;LONGANIZA ESPA¥OLA MITY;54;USUARIO FAENA  BBCA;1.00000
"00005023;LONGANIZA ESPA¥OLA MITY;26;L60 TOTO SAPORE;0.00000
"00005023;LONGANIZA ESPA¥OLA MITY;41;L41 ENV AL VACIO;0.00000
"00005023;LONGANIZA ESPA¥OLA MITY;55;L55 MARTIN LISTA;0.00000
"00005023;LONGANIZA ESPA¥OLA MITY;1;L1 COMERCIO;0.00000
"00005024;RIOJANITOS MITY;53;MD;0.00000
"00005024;RIOJANITOS MITY;4;L3 P ALTA/SIERRA/MONTE;0.00000
"00005024;RIOJANITOS MITY;41;L41 ENV AL VACIO;0.00000
"00005024;RIOJANITOS MITY;54;USUARIO FAENA  BBCA;1.00000
"00005024;RIOJANITOS MITY;26;L60 TOTO SAPORE;0.00000
"00005024;RIOJANITOS MITY;1;L1 COMERCIO;0.00000
"00005024;RIOJANITOS MITY;2;L2 VILLARINO;0.00000
"00005024;RIOJANITOS MITY;52;PM MEAT CHAIN BONARENSE;0.00000
"00005024;RIOJANITOS MITY;55;L55 MARTIN LISTA;0.00000
"00005025;BONDIOLA MITY;4;L3 P ALTA/SIERRA/MONTE;0.00000
"00005025;BONDIOLA MITY;53;MD;0.00000
"00005025;BONDIOLA MITY;55;L55 MARTIN LISTA;0.00000
"00005025;BONDIOLA MITY;26;L60 TOTO SAPORE;0.00000
"00005025;BONDIOLA MITY;1;L1 COMERCIO;0.00000
"00005025;BONDIOLA MITY;41;L41 ENV AL VACIO;0.00000
"00005025;BONDIOLA MITY;2;L2 VILLARINO;0.00000
"00005025;BONDIOLA MITY;52;PM MEAT CHAIN BONARENSE;0.00000
"00005025;BONDIOLA MITY;54;USUARIO FAENA  BBCA;1.00000
"00005026;JAMON CON HUESO MITY;54;USUARIO FAENA  BBCA;1.00000
"00005026;JAMON CON HUESO MITY;4;L3 P ALTA/SIERRA/MONTE;0.00000
"00005026;JAMON CON HUESO MITY;41;L41 ENV AL VACIO;0.00000
"00005026;JAMON CON HUESO MITY;55;L55 MARTIN LISTA;0.00000
"00005026;JAMON CON HUESO MITY;1;L1 COMERCIO;0.00000
"00005026;JAMON CON HUESO MITY;52;PM MEAT CHAIN BONARENSE;0.00000
"00005026;JAMON CON HUESO MITY;53;MD;0.00000
"00005026;JAMON CON HUESO MITY;26;L60 TOTO SAPORE;0.00000
"00005026;JAMON CON HUESO MITY;2;L2 VILLARINO;0.00000
"00005027;JAMON LISTO MAQUINA MITY;53;MD;0.00000
"00005027;JAMON LISTO MAQUINA MITY;4;L3 P ALTA/SIERRA/MONTE;0.00000
"00005027;JAMON LISTO MAQUINA MITY;52;PM MEAT CHAIN BONARENSE;0.00000
"00005027;JAMON LISTO MAQUINA MITY;54;USUARIO FAENA  BBCA;1.00000
"00005027;JAMON LISTO MAQUINA MITY;26;L60 TOTO SAPORE;0.00000
"00005027;JAMON LISTO MAQUINA MITY;1;L1 COMERCIO;0.00000
"00005027;JAMON LISTO MAQUINA MITY;41;L41 ENV AL VACIO;0.00000
"00005027;JAMON LISTO MAQUINA MITY;55;L55 MARTIN LISTA;0.00000
"00005027;JAMON LISTO MAQUINA MITY;2;L2 VILLARINO;0.00000
"00005028;LOMITO AHUMADO MITY;55;L55 MARTIN LISTA;0.00000
"00005028;LOMITO AHUMADO MITY;4;L3 P ALTA/SIERRA/MONTE;0.00000
"00005028;LOMITO AHUMADO MITY;26;L60 TOTO SAPORE;0.00000
"00005028;LOMITO AHUMADO MITY;41;L41 ENV AL VACIO;0.00000
"00005028;LOMITO AHUMADO MITY;52;PM MEAT CHAIN BONARENSE;0.00000
"00005028;LOMITO AHUMADO MITY;53;MD;0.00000
"00005028;LOMITO AHUMADO MITY;1;L1 COMERCIO;0.00000
"00005028;LOMITO AHUMADO MITY;54;USUARIO FAENA  BBCA;1.00000
"00005028;LOMITO AHUMADO MITY;2;L2 VILLARINO;0.00000
"00005029;SALAMIN PIC.GRUESO EST.CAMPO MITY;4;L3 P ALTA/SIERRA/MONTE;0.00000
"00005029;SALAMIN PIC.GRUESO EST.CAMPO MITY;52;PM MEAT CHAIN BONARENSE;0.00000
"00005029;SALAMIN PIC.GRUESO EST.CAMPO MITY;53;MD;0.00000
"00005029;SALAMIN PIC.GRUESO EST.CAMPO MITY;41;L41 ENV AL VACIO;0.00000
"00005029;SALAMIN PIC.GRUESO EST.CAMPO MITY;55;L55 MARTIN LISTA;0.00000
"00005029;SALAMIN PIC.GRUESO EST.CAMPO MITY;26;L60 TOTO SAPORE;0.00000
"00005029;SALAMIN PIC.GRUESO EST.CAMPO MITY;1;L1 COMERCIO;0.00000
"00005029;SALAMIN PIC.GRUESO EST.CAMPO MITY;2;L2 VILLARINO;0.00000
"00005029;SALAMIN PIC.GRUESO EST.CAMPO MITY;54;USUARIO FAENA  BBCA;1.00000
"00005030;LONGANIZA NAPOLITANA MITY;54;USUARIO FAENA  BBCA;1.00000
"00005030;LONGANIZA NAPOLITANA MITY;41;L41 ENV AL VACIO;0.00000
"00005030;LONGANIZA NAPOLITANA MITY;1;L1 COMERCIO;0.00000
"00005030;LONGANIZA NAPOLITANA MITY;55;L55 MARTIN LISTA;0.00000
"00005030;LONGANIZA NAPOLITANA MITY;26;L60 TOTO SAPORE;0.00000
"00005030;LONGANIZA NAPOLITANA MITY;2;L2 VILLARINO;0.00000
"00005030;LONGANIZA NAPOLITANA MITY;52;PM MEAT CHAIN BONARENSE;0.00000
"00005030;LONGANIZA NAPOLITANA MITY;53;MD;0.00000
"00005030;LONGANIZA NAPOLITANA MITY;4;L3 P ALTA/SIERRA/MONTE;0.00000
"00009001;LONGANIZA ESPA¥OLA MITY X KG;41;L41 ENV AL VACIO;0.00000
"00009001;LONGANIZA ESPA¥OLA MITY X KG;1;L1 COMERCIO;0.00000
"00009001;LONGANIZA ESPA¥OLA MITY X KG;54;USUARIO FAENA  BBCA;1.00000
"00009001;LONGANIZA ESPA¥OLA MITY X KG;52;PM MEAT CHAIN BONARENSE;0.00000
"00009001;LONGANIZA ESPA¥OLA MITY X KG;2;L2 VILLARINO;0.00000
"00009001;LONGANIZA ESPA¥OLA MITY X KG;53;MD;0.00000
"00009001;LONGANIZA ESPA¥OLA MITY X KG;55;L55 MARTIN LISTA;0.00000
"00009001;LONGANIZA ESPA¥OLA MITY X KG;4;L3 P ALTA/SIERRA/MONTE;0.00000
"00009001;LONGANIZA ESPA¥OLA MITY X KG;26;L60 TOTO SAPORE;0.00000
"00009002;RIOJANITOS MITY X KG;55;L55 MARTIN LISTA;0.00000
"00009002;RIOJANITOS MITY X KG;41;L41 ENV AL VACIO;0.00000
"00009002;RIOJANITOS MITY X KG;26;L60 TOTO SAPORE;0.00000
"00009002;RIOJANITOS MITY X KG;1;L1 COMERCIO;0.00000
"00009002;RIOJANITOS MITY X KG;52;PM MEAT CHAIN BONARENSE;0.00000
"00009002;RIOJANITOS MITY X KG;53;MD;0.00000
"00009002;RIOJANITOS MITY X KG;2;L2 VILLARINO;0.00000
"00009002;RIOJANITOS MITY X KG;54;USUARIO FAENA  BBCA;1.00000
"00009002;RIOJANITOS MITY X KG;4;L3 P ALTA/SIERRA/MONTE;0.00000
"00009003;PANCETA SALADA MITY X KG;53;MD;0.00000
"00009003;PANCETA SALADA MITY X KG;4;L3 P ALTA/SIERRA/MONTE;0.00000
"00009003;PANCETA SALADA MITY X KG;52;PM MEAT CHAIN BONARENSE;0.00000
"00009003;PANCETA SALADA MITY X KG;55;L55 MARTIN LISTA;0.00000
"00009003;PANCETA SALADA MITY X KG;26;L60 TOTO SAPORE;0.00000
"00009003;PANCETA SALADA MITY X KG;1;L1 COMERCIO;0.00000
"00009003;PANCETA SALADA MITY X KG;41;L41 ENV AL VACIO;0.00000
"00009003;PANCETA SALADA MITY X KG;2;L2 VILLARINO;0.00000
"00009003;PANCETA SALADA MITY X KG;54;USUARIO FAENA  BBCA;1.00000
"00009004;LONGANIZA NAPOLITANA MITY X KG;41;L41 ENV AL VACIO;0.00000
"00009004;LONGANIZA NAPOLITANA MITY X KG;52;PM MEAT CHAIN BONARENSE;0.00000
"00009004;LONGANIZA NAPOLITANA MITY X KG;53;MD;0.00000
"00009004;LONGANIZA NAPOLITANA MITY X KG;54;USUARIO FAENA  BBCA;1.00000
"00009004;LONGANIZA NAPOLITANA MITY X KG;1;L1 COMERCIO;0.00000
"00009004;LONGANIZA NAPOLITANA MITY X KG;26;L60 TOTO SAPORE;0.00000
"00009004;LONGANIZA NAPOLITANA MITY X KG;2;L2 VILLARINO;0.00000
"00009004;LONGANIZA NAPOLITANA MITY X KG;55;L55 MARTIN LISTA;0.00000
"00009004;LONGANIZA NAPOLITANA MITY X KG;4;L3 P ALTA/SIERRA/MONTE;0.00000
"00009005;LONGANIZA CALABRESA MITY X KG;1;L1 COMERCIO;0.00000
"00009005;LONGANIZA CALABRESA MITY X KG;2;L2 VILLARINO;0.00000
"00009005;LONGANIZA CALABRESA MITY X KG;54;USUARIO FAENA  BBCA;1.00000
"00009005;LONGANIZA CALABRESA MITY X KG;26;L60 TOTO SAPORE;0.00000
"00009005;LONGANIZA CALABRESA MITY X KG;4;L3 P ALTA/SIERRA/MONTE;0.00000
"00009005;LONGANIZA CALABRESA MITY X KG;52;PM MEAT CHAIN BONARENSE;0.00000
"00009005;LONGANIZA CALABRESA MITY X KG;53;MD;0.00000
"00009005;LONGANIZA CALABRESA MITY X KG;55;L55 MARTIN LISTA;0.00000
"00009005;LONGANIZA CALABRESA MITY X KG;41;L41 ENV AL VACIO;0.00000
"00009006;QUESO DE CERDO MITY X KG;1;L1 COMERCIO;0.00000
"00009006;QUESO DE CERDO MITY X KG;55;L55 MARTIN LISTA;0.00000
"00009006;QUESO DE CERDO MITY X KG;2;L2 VILLARINO;0.00000
"00009006;QUESO DE CERDO MITY X KG;52;PM MEAT CHAIN BONARENSE;0.00000
"00009006;QUESO DE CERDO MITY X KG;53;MD;0.00000
"00009006;QUESO DE CERDO MITY X KG;4;L3 P ALTA/SIERRA/MONTE;0.00000
"00009006;QUESO DE CERDO MITY X KG;54;USUARIO FAENA  BBCA;1.00000
"00009006;QUESO DE CERDO MITY X KG;41;L41 ENV AL VACIO;0.00000
"00009006;QUESO DE CERDO MITY X KG;26;L60 TOTO SAPORE;0.00000
"00009007;JAMON CRUDO LISTO MITY X KG;54;USUARIO FAENA  BBCA;1.00000
"00009007;JAMON CRUDO LISTO MITY X KG;1;L1 COMERCIO;0.00000
"00009007;JAMON CRUDO LISTO MITY X KG;26;L60 TOTO SAPORE;0.00000
"00009007;JAMON CRUDO LISTO MITY X KG;52;PM MEAT CHAIN BONARENSE;0.00000
"00009007;JAMON CRUDO LISTO MITY X KG;2;L2 VILLARINO;0.00000
"00009007;JAMON CRUDO LISTO MITY X KG;53;MD;0.00000
"00009007;JAMON CRUDO LISTO MITY X KG;55;L55 MARTIN LISTA;0.00000
"00009007;JAMON CRUDO LISTO MITY X KG;4;L3 P ALTA/SIERRA/MONTE;0.00000
"00009007;JAMON CRUDO LISTO MITY X KG;41;L41 ENV AL VACIO;0.00000
"00009008;PALETA COCIDA MITY X KG;1;L1 COMERCIO;0.00000
"00009008;PALETA COCIDA MITY X KG;52;PM MEAT CHAIN BONARENSE;0.00000
"00009008;PALETA COCIDA MITY X KG;53;MD;0.00000
"00009008;PALETA COCIDA MITY X KG;2;L2 VILLARINO;0.00000
"00009008;PALETA COCIDA MITY X KG;54;USUARIO FAENA  BBCA;1.00000
"00009008;PALETA COCIDA MITY X KG;26;L60 TOTO SAPORE;0.00000
"00009008;PALETA COCIDA MITY X KG;4;L3 P ALTA/SIERRA/MONTE;0.00000
"00009008;PALETA COCIDA MITY X KG;55;L55 MARTIN LISTA;0.00000
"00009008;PALETA COCIDA MITY X KG;41;L41 ENV AL VACIO;0.00000
"00009009;MORTADELA MITY X KG;2;L2 VILLARINO;0.00000
"00009009;MORTADELA MITY X KG;4;L3 P ALTA/SIERRA/MONTE;0.00000
"00009009;MORTADELA MITY X KG;54;USUARIO FAENA  BBCA;1.00000
"00009009;MORTADELA MITY X KG;41;L41 ENV AL VACIO;0.00000
"00009009;MORTADELA MITY X KG;52;PM MEAT CHAIN BONARENSE;0.00000
"00009009;MORTADELA MITY X KG;26;L60 TOTO SAPORE;0.00000
"00009009;MORTADELA MITY X KG;53;MD;0.00000
"00009009;MORTADELA MITY X KG;1;L1 COMERCIO;0.00000
"00009009;MORTADELA MITY X KG;55;L55 MARTIN LISTA;0.00000
"00009010;SALAMIN PICADO GRUESO MITY X KG;26;L60 TOTO SAPORE;0.00000
"00009010;SALAMIN PICADO GRUESO MITY X KG;2;L2 VILLARINO;0.00000
"00009010;SALAMIN PICADO GRUESO MITY X KG;55;L55 MARTIN LISTA;0.00000
"00009010;SALAMIN PICADO GRUESO MITY X KG;4;L3 P ALTA/SIERRA/MONTE;0.00000
"00009010;SALAMIN PICADO GRUESO MITY X KG;52;PM MEAT CHAIN BONARENSE;0.00000
"00009010;SALAMIN PICADO GRUESO MITY X KG;53;MD;0.00000
"00009010;SALAMIN PICADO GRUESO MITY X KG;41;L41 ENV AL VACIO;0.00000
"00009010;SALAMIN PICADO GRUESO MITY X KG;54;USUARIO FAENA  BBCA;1.00000
"00009010;SALAMIN PICADO GRUESO MITY X KG;1;L1 COMERCIO;0.00000
"00009011;SALAMIN PICADO FINO MITY X KG;2;L2 VILLARINO;0.00000
"00009011;SALAMIN PICADO FINO MITY X KG;54;USUARIO FAENA  BBCA;1.00000
"00009011;SALAMIN PICADO FINO MITY X KG;52;PM MEAT CHAIN BONARENSE;0.00000
"00009011;SALAMIN PICADO FINO MITY X KG;53;MD;0.00000
"00009011;SALAMIN PICADO FINO MITY X KG;26;L60 TOTO SAPORE;0.00000
"00009011;SALAMIN PICADO FINO MITY X KG;4;L3 P ALTA/SIERRA/MONTE;0.00000
"00009011;SALAMIN PICADO FINO MITY X KG;55;L55 MARTIN LISTA;0.00000
"00009011;SALAMIN PICADO FINO MITY X KG;41;L41 ENV AL VACIO;0.00000
"00009011;SALAMIN PICADO FINO MITY X KG;1;L1 COMERCIO;0.00000
"00559000;CHORIZO ESPECIAL;4;L3 P ALTA/SIERRA/MONTE;0.00000
"00559000;CHORIZO ESPECIAL;26;L60 TOTO SAPORE;0.00000
"00559000;CHORIZO ESPECIAL;54;USUARIO FAENA  BBCA;1.00000
"00559000;CHORIZO ESPECIAL;1;L1 COMERCIO;0.00000
"00559000;CHORIZO ESPECIAL;41;L41 ENV AL VACIO;24.81150
"00559000;CHORIZO ESPECIAL;53;MD;0.00000
"00559000;CHORIZO ESPECIAL;55;L55 MARTIN LISTA;0.00000
"00559000;CHORIZO ESPECIAL;2;L2 VILLARINO;0.00000
"00559000;CHORIZO ESPECIAL;52;PM MEAT CHAIN BONARENSE;0.00000
"00559078;CHORIZO COMUN;55;L55 MARTIN LISTA;0.00000
"00559078;CHORIZO COMUN;1;L1 COMERCIO;0.00000
"00559078;CHORIZO COMUN;41;L41 ENV AL VACIO;13.58700
"00559078;CHORIZO COMUN;2;L2 VILLARINO;0.00000
"00559078;CHORIZO COMUN;52;PM MEAT CHAIN BONARENSE;0.00000
"00559078;CHORIZO COMUN;54;USUARIO FAENA  BBCA;1.00000
"00559078;CHORIZO COMUN;4;L3 P ALTA/SIERRA/MONTE;0.00000
"00559078;CHORIZO COMUN;26;L60 TOTO SAPORE;0.00000
"00559078;CHORIZO COMUN;53;MD;0.00000
"00559104;SALCHICHA CRIOLLA;52;PM MEAT CHAIN BONARENSE;0.00000
"00559104;SALCHICHA CRIOLLA;53;MD;0.00000
"00559104;SALCHICHA CRIOLLA;4;L3 P ALTA/SIERRA/MONTE;0.00000
"00559104;SALCHICHA CRIOLLA;55;L55 MARTIN LISTA;0.00000
"00559104;SALCHICHA CRIOLLA;26;L60 TOTO SAPORE;0.00000
"00559104;SALCHICHA CRIOLLA;1;L1 COMERCIO;0.00000
"00559104;SALCHICHA CRIOLLA;41;L41 ENV AL VACIO;27.15300
"00559104;SALCHICHA CRIOLLA;54;USUARIO FAENA  BBCA;1.00000
"00559104;SALCHICHA CRIOLLA;2;L2 VILLARINO;0.00000
"00559195;MORCILLA CON NUEZ;26;L60 TOTO SAPORE;0.00000
"00559195;MORCILLA CON NUEZ;54;USUARIO FAENA  BBCA;1.00000
"00559195;MORCILLA CON NUEZ;1;L1 COMERCIO;0.00000
"00559195;MORCILLA CON NUEZ;41;L41 ENV AL VACIO;21.12600
"00559195;MORCILLA CON NUEZ;53;MD;0.00000
"00559195;MORCILLA CON NUEZ;2;L2 VILLARINO;0.00000
"00559195;MORCILLA CON NUEZ;55;L55 MARTIN LISTA;0.00000
"00559195;MORCILLA CON NUEZ;52;PM MEAT CHAIN BONARENSE;0.00000
"00559195;MORCILLA CON NUEZ;4;L3 P ALTA/SIERRA/MONTE;0.00000
"00559208;MORCILLA VASCA;2;L2 VILLARINO;0.00000
"00559208;MORCILLA VASCA;52;PM MEAT CHAIN BONARENSE;0.00000
"00559208;MORCILLA VASCA;4;L3 P ALTA/SIERRA/MONTE;0.00000
"00559208;MORCILLA VASCA;54;USUARIO FAENA  BBCA;1.00000
"00559208;MORCILLA VASCA;26;L60 TOTO SAPORE;0.00000
"00559208;MORCILLA VASCA;53;MD;0.00000
"00559208;MORCILLA VASCA;55;L55 MARTIN LISTA;0.00000
"00559208;MORCILLA VASCA;1;L1 COMERCIO;0.00000
"00559208;MORCILLA VASCA;41;L41 ENV AL VACIO;20.04450
"00559260;CHORIZO CON JAMON;4;L3 P ALTA/SIERRA/MONTE;0.00000
"00559260;CHORIZO CON JAMON;55;L55 MARTIN LISTA;0.00000
"00559260;CHORIZO CON JAMON;26;L60 TOTO SAPORE;0.00000
"00559260;CHORIZO CON JAMON;1;L1 COMERCIO;0.00000
"00559260;CHORIZO CON JAMON;41;L41 ENV AL VACIO;20.76900
"00559260;CHORIZO CON JAMON;54;USUARIO FAENA  BBCA;1.00000
"00559260;CHORIZO CON JAMON;2;L2 VILLARINO;0.00000
"00559260;CHORIZO CON JAMON;52;PM MEAT CHAIN BONARENSE;0.00000
"00559260;CHORIZO CON JAMON;53;MD;0.00000
"00559273;CHORIZO PARMESANO;1;L1 COMERCIO;0.00000
"00559273;CHORIZO PARMESANO;41;L41 ENV AL VACIO;32.92800
"00559273;CHORIZO PARMESANO;53;MD;0.00000
"00559273;CHORIZO PARMESANO;2;L2 VILLARINO;0.00000
"00559273;CHORIZO PARMESANO;55;L55 MARTIN LISTA;0.00000
"00559273;CHORIZO PARMESANO;52;PM MEAT CHAIN BONARENSE;0.00000
"00559273;CHORIZO PARMESANO;4;L3 P ALTA/SIERRA/MONTE;0.00000
"00559273;CHORIZO PARMESANO;26;L60 TOTO SAPORE;0.00000
"00559273;CHORIZO PARMESANO;54;USUARIO FAENA  BBCA;1.00000
"00559286;BIFE DE CERDO;53;MD;0.00000
"00559286;BIFE DE CERDO;54;USUARIO FAENA  BBCA;1.00000
"00559286;BIFE DE CERDO;4;L3 P ALTA/SIERRA/MONTE;0.00000
"00559286;BIFE DE CERDO;52;PM MEAT CHAIN BONARENSE;0.00000
"00559286;BIFE DE CERDO;41;L41 ENV AL VACIO;0.00000
"00559286;BIFE DE CERDO;26;L60 TOTO SAPORE;0.00000
"00559286;BIFE DE CERDO;55;L55 MARTIN LISTA;0.00000
"00559286;BIFE DE CERDO;1;L1 COMERCIO;0.00000
"00559286;BIFE DE CERDO;2;L2 VILLARINO;0.00000
"00559299;PECHITO DE CERDO;53;MD;0.00000
"00559299;PECHITO DE CERDO;2;L2 VILLARINO;0.00000
"00559299;PECHITO DE CERDO;4;L3 P ALTA/SIERRA/MONTE;0.00000
"00559299;PECHITO DE CERDO;54;USUARIO FAENA  BBCA;1.00000
"00559299;PECHITO DE CERDO;41;L41 ENV AL VACIO;0.00000
"00559299;PECHITO DE CERDO;1;L1 COMERCIO;0.00000
"00559299;PECHITO DE CERDO;26;L60 TOTO SAPORE;0.00000
"00559299;PECHITO DE CERDO;55;L55 MARTIN LISTA;0.00000
"00559299;PECHITO DE CERDO;52;PM MEAT CHAIN BONARENSE;0.00000
"00559338;PATAS;1;L1 COMERCIO;0.00000
"00559338;PATAS;41;L41 ENV AL VACIO;0.00000
"00559338;PATAS;55;L55 MARTIN LISTA;0.00000
"00559338;PATAS;2;L2 VILLARINO;0.00000
"00559338;PATAS;53;MD;0.00000
"00559338;PATAS;4;L3 P ALTA/SIERRA/MONTE;0.00000
"00559338;PATAS;52;PM MEAT CHAIN BONARENSE;0.00000
"00559338;PATAS;54;USUARIO FAENA  BBCA;1.00000
"00559338;PATAS;26;L60 TOTO SAPORE;0.00000
"00559429;HUESOS;54;USUARIO FAENA  BBCA;1.00000
"00559429;HUESOS;26;L60 TOTO SAPORE;0.00000
"00559429;HUESOS;4;L3 P ALTA/SIERRA/MONTE;0.00000
"00559429;HUESOS;55;L55 MARTIN LISTA;0.00000
"00559429;HUESOS;41;L41 ENV AL VACIO;0.00000
"00559429;HUESOS;1;L1 COMERCIO;0.00000
"00559429;HUESOS;52;PM MEAT CHAIN BONARENSE;0.00000
"00559429;HUESOS;53;MD;0.00000
"00559429;HUESOS;2;L2 VILLARINO;0.00000
"00559442;CUEROS;4;L3 P ALTA/SIERRA/MONTE;0.00000
"00559442;CUEROS;54;USUARIO FAENA  BBCA;1.00000
"00559442;CUEROS;26;L60 TOTO SAPORE;0.00000
"00559442;CUEROS;41;L41 ENV AL VACIO;0.00000
"00559442;CUEROS;52;PM MEAT CHAIN BONARENSE;0.00000
"00559442;CUEROS;53;MD;0.00000
"00559442;CUEROS;1;L1 COMERCIO;0.00000
"00559442;CUEROS;55;L55 MARTIN LISTA;0.00000
"00559442;CUEROS;2;L2 VILLARINO;0.00000
"00559468;MATAMBRITOS;4;L3 P ALTA/SIERRA/MONTE;0.00000
"00559468;MATAMBRITOS;52;PM MEAT CHAIN BONARENSE;0.00000
"00559468;MATAMBRITOS;53;MD;0.00000
"00559468;MATAMBRITOS;41;L41 ENV AL VACIO;0.00000
"00559468;MATAMBRITOS;54;USUARIO FAENA  BBCA;1.00000
"00559468;MATAMBRITOS;1;L1 COMERCIO;0.00000
"00559468;MATAMBRITOS;26;L60 TOTO SAPORE;0.00000
"00559468;MATAMBRITOS;2;L2 VILLARINO;0.00000
"00559468;MATAMBRITOS;55;L55 MARTIN LISTA;0.00000
"00562796;OREJAS DE CERDO;4;L3 P ALTA/SIERRA/MONTE;0.00000
"00562796;OREJAS DE CERDO;55;L55 MARTIN LISTA;0.00000
"00562796;OREJAS DE CERDO;41;L41 ENV AL VACIO;0.00000
"00562796;OREJAS DE CERDO;1;L1 COMERCIO;0.00000
"00562796;OREJAS DE CERDO;2;L2 VILLARINO;0.00000
"00562796;OREJAS DE CERDO;54;USUARIO FAENA  BBCA;1.00000
"00562796;OREJAS DE CERDO;26;L60 TOTO SAPORE;0.00000
"00562796;OREJAS DE CERDO;52;PM MEAT CHAIN BONARENSE;0.00000
"00562796;OREJAS DE CERDO;53;MD;0.00000
"00562809;LECHON;54;USUARIO FAENA  BBCA;1.00000
"00562809;LECHON;26;L60 TOTO SAPORE;0.00000
"00562809;LECHON;41;L41 ENV AL VACIO;0.00000
"00562809;LECHON;1;L1 COMERCIO;0.00000
"00562809;LECHON;55;L55 MARTIN LISTA;0.00000
"00562809;LECHON;52;PM MEAT CHAIN BONARENSE;0.00000
"00562809;LECHON;53;MD;0.00000
"00562809;LECHON;2;L2 VILLARINO;0.00000
"00562809;LECHON;4;L3 P ALTA/SIERRA/MONTE;0.00000
"00562822;CORDERO;41;L41 ENV AL VACIO;10.19550
"00562822;CORDERO;54;USUARIO FAENA  BBCA;1.00000
"00562822;CORDERO;52;PM MEAT CHAIN BONARENSE;0.00000
"00562822;CORDERO;1;L1 COMERCIO;0.00000
"00562822;CORDERO;26;L60 TOTO SAPORE;0.00000
"00562822;CORDERO;53;MD;0.00000
"00562822;CORDERO;2;L2 VILLARINO;0.00000
"00562822;CORDERO;55;L55 MARTIN LISTA;0.00000
"00562822;CORDERO;4;L3 P ALTA/SIERRA/MONTE;0.00000
"00000273;PRODUCTO ELABORADO;55;L55 MARTIN LISTA;0.01030
"00000273;PRODUCTO ELABORADO;26;L60 TOTO SAPORE;0.00000
"00000273;PRODUCTO ELABORADO;4;L3 P ALTA/SIERRA/MONTE;0.00000
"00000273;PRODUCTO ELABORADO;41;L41 ENV AL VACIO;0.00000
"00000273;PRODUCTO ELABORADO;1;L1 COMERCIO;0.01030
"00000273;PRODUCTO ELABORADO;52;PM MEAT CHAIN BONARENSE;0.01030
"00000273;PRODUCTO ELABORADO;53;MD;0.00000
"00000273;PRODUCTO ELABORADO;54;USUARIO FAENA  BBCA;1.00000
"00000273;PRODUCTO ELABORADO;2;L2 VILLARINO;0.00000
"00000317;CARNE DE CERDO;2;L2 VILLARINO;0.00000
"00000317;CARNE DE CERDO;55;L55 MARTIN LISTA;0.00000
"00000317;CARNE DE CERDO;26;L60 TOTO SAPORE;0.00000
"00000317;CARNE DE CERDO;4;L3 P ALTA/SIERRA/MONTE;0.00000
"00000317;CARNE DE CERDO;41;L41 ENV AL VACIO;0.00000
"00000317;CARNE DE CERDO;1;L1 COMERCIO;0.01030
"00000317;CARNE DE CERDO;52;PM MEAT CHAIN BONARENSE;0.01030
"00000317;CARNE DE CERDO;53;MD;0.00000
"00000317;CARNE DE CERDO;54;USUARIO FAENA  BBCA;1.00000
"00000276;PAQ. GRASA P/JUGO BOVINO X KG;54;USUARIO FAENA  BBCA;1.00000
"00000276;PAQ. GRASA P/JUGO BOVINO X KG;2;L2 VILLARINO;3784.19800
"00000276;PAQ. GRASA P/JUGO BOVINO X KG;52;PM MEAT CHAIN BONARENSE;3729.90200
"00000276;PAQ. GRASA P/JUGO BOVINO X KG;53;MD;0.00000
"00000276;PAQ. GRASA P/JUGO BOVINO X KG;4;L3 P ALTA/SIERRA/MONTE;3784.19800
"00000276;PAQ. GRASA P/JUGO BOVINO X KG;55;L55 MARTIN LISTA;2406.75600
"00000276;PAQ. GRASA P/JUGO BOVINO X KG;41;L41 ENV AL VACIO;42.54600
"00000276;PAQ. GRASA P/JUGO BOVINO X KG;26;L60 TOTO SAPORE;12547.84300
"00000276;PAQ. GRASA P/JUGO BOVINO X KG;1;L1 COMERCIO;3784.19800
"00000277;PALETA SANDWICHERA MITY;55;L55 MARTIN LISTA;3722.64200
"00000277;PALETA SANDWICHERA MITY;2;L2 VILLARINO;5405.99400
"00000277;PALETA SANDWICHERA MITY;52;PM MEAT CHAIN BONARENSE;3758.61200
"00000277;PALETA SANDWICHERA MITY;4;L3 P ALTA/SIERRA/MONTE;5405.99400
"00000277;PALETA SANDWICHERA MITY;53;MD;0.00000
"00000277;PALETA SANDWICHERA MITY;26;L60 TOTO SAPORE;0.00000
"00000277;PALETA SANDWICHERA MITY;54;USUARIO FAENA  BBCA;0.00000
"00000277;PALETA SANDWICHERA MITY;1;L1 COMERCIO;5405.99400
"00000277;PALETA SANDWICHERA MITY;41;L41 ENV AL VACIO;117.90450
"00000450;BIFE ANCHO S/H;26;L60 TOTO SAPORE;691.24000
"00000450;BIFE ANCHO S/H;1;L1 COMERCIO;0.00000
"00000450;BIFE ANCHO S/H;54;USUARIO FAENA  BBCA;1.00000
"00000450;BIFE ANCHO S/H;53;MD;0.00000
"00000450;BIFE ANCHO S/H;2;L2 VILLARINO;0.00000
"00000450;BIFE ANCHO S/H;41;L41 ENV AL VACIO;0.00000
"00000450;BIFE ANCHO S/H;52;PM MEAT CHAIN BONARENSE;0.00000
"00000450;BIFE ANCHO S/H;55;L55 MARTIN LISTA;1.00000
"00000450;BIFE ANCHO S/H;4;L3 P ALTA/SIERRA/MONTE;0.00000
"00000451;BIFE ANGOSTO C/H;52;PM MEAT CHAIN BONARENSE;0.00000
"00000451;BIFE ANGOSTO C/H;55;L55 MARTIN LISTA;0.00000
"00000451;BIFE ANGOSTO C/H;2;L2 VILLARINO;0.00000
"00000451;BIFE ANGOSTO C/H;26;L60 TOTO SAPORE;691.24000
"00000451;BIFE ANGOSTO C/H;4;L3 P ALTA/SIERRA/MONTE;0.00000
"00000451;BIFE ANGOSTO C/H;54;USUARIO FAENA  BBCA;1.00000
"00000451;BIFE ANGOSTO C/H;53;MD;0.00000
"00000451;BIFE ANGOSTO C/H;1;L1 COMERCIO;0.00000
"00000452;BIFE ANGOSTO S/H;41;L41 ENV AL VACIO;0.00000
"00000452;BIFE ANGOSTO S/H;52;PM MEAT CHAIN BONARENSE;0.00000
"00000452;BIFE ANGOSTO S/H;1;L1 COMERCIO;0.00000
"00000452;BIFE ANGOSTO S/H;55;L55 MARTIN LISTA;0.00000
"00000452;BIFE ANGOSTO S/H;2;L2 VILLARINO;0.00000
"00000452;BIFE ANGOSTO S/H;26;L60 TOTO SAPORE;691.24000
"00000452;BIFE ANGOSTO S/H;4;L3 P ALTA/SIERRA/MONTE;0.00000
"00000452;BIFE ANGOSTO S/H;53;MD;0.00000
"00000452;BIFE ANGOSTO S/H;54;USUARIO FAENA  BBCA;1.00000
"00000453;CARNAZA;53;MD;0.00000
"00000453;CARNAZA;54;USUARIO FAENA  BBCA;1.00000
"00000453;CARNAZA;2;L2 VILLARINO;0.00000
"00000453;CARNAZA;41;L41 ENV AL VACIO;0.00000
"00000453;CARNAZA;52;PM MEAT CHAIN BONARENSE;0.00000
"00000453;CARNAZA;4;L3 P ALTA/SIERRA/MONTE;0.00000
"00000453;CARNAZA;55;L55 MARTIN LISTA;1.00000
"00000453;CARNAZA;26;L60 TOTO SAPORE;691.24000
"00000453;CARNAZA;1;L1 COMERCIO;0.00000
"00000454;ENTRECOT;2;L2 VILLARINO;0.00000
"00000454;ENTRECOT;26;L60 TOTO SAPORE;691.24000
"00000454;ENTRECOT;4;L3 P ALTA/SIERRA/MONTE;0.00000
"00000454;ENTRECOT;53;MD;0.00000
"00000454;ENTRECOT;54;USUARIO FAENA  BBCA;1.00000
"00000454;ENTRECOT;41;L41 ENV AL VACIO;0.00000
"00000454;ENTRECOT;52;PM MEAT CHAIN BONARENSE;0.00000
"00000454;ENTRECOT;1;L1 COMERCIO;0.00000
"00000454;ENTRECOT;55;L55 MARTIN LISTA;1.00000
"00000455;BIFE ANCHO C/H;4;L3 P ALTA/SIERRA/MONTE;0.00000
"00000455;BIFE ANCHO C/H;55;L55 MARTIN LISTA;1.00000
"00000455;BIFE ANCHO C/H;26;L60 TOTO SAPORE;691.24000
"00000455;BIFE ANCHO C/H;1;L1 COMERCIO;0.00000
"00000455;BIFE ANCHO C/H;53;MD;0.00000
"00000455;BIFE ANCHO C/H;54;USUARIO FAENA  BBCA;1.00000
"00000455;BIFE ANCHO C/H;2;L2 VILLARINO;0.00000
"00000455;BIFE ANCHO C/H;41;L41 ENV AL VACIO;0.00000
"00000455;BIFE ANCHO C/H;52;PM MEAT CHAIN BONARENSE;0.00000
"00000337;BIFE DE CERDO CONG.;54;USUARIO FAENA  BBCA;0.00000
"00000337;BIFE DE CERDO CONG.;41;L41 ENV AL VACIO;0.00000
"00000337;BIFE DE CERDO CONG.;1;L1 COMERCIO;0.00000
"00000337;BIFE DE CERDO CONG.;55;L55 MARTIN LISTA;0.00000
"00000337;BIFE DE CERDO CONG.;2;L2 VILLARINO;0.00000
"00000337;BIFE DE CERDO CONG.;53;MD;0.00000
"00000337;BIFE DE CERDO CONG.;4;L3 P ALTA/SIERRA/MONTE;0.00000
"00000337;BIFE DE CERDO CONG.;26;L60 TOTO SAPORE;0.00000
"00000337;BIFE DE CERDO CONG.;52;PM MEAT CHAIN BONARENSE;0.00000
"00000338;PECHITO DE CERDO CONG.;2;L2 VILLARINO;0.00000
"00000338;PECHITO DE CERDO CONG.;54;USUARIO FAENA  BBCA;0.00000
"00000338;PECHITO DE CERDO CONG.;41;L41 ENV AL VACIO;0.00000
"00000338;PECHITO DE CERDO CONG.;4;L3 P ALTA/SIERRA/MONTE;0.00000
"00000338;PECHITO DE CERDO CONG.;55;L55 MARTIN LISTA;0.00000
"00000338;PECHITO DE CERDO CONG.;53;MD;0.00000
"00000338;PECHITO DE CERDO CONG.;1;L1 COMERCIO;0.00000
"00000338;PECHITO DE CERDO CONG.;26;L60 TOTO SAPORE;0.00000
"00000338;PECHITO DE CERDO CONG.;52;PM MEAT CHAIN BONARENSE;0.00000
"00000278;MORTADELA MINI X UNID.;26;L60 TOTO SAPORE;0.00000
"00000278;MORTADELA MINI X UNID.;1;L1 COMERCIO;0.00000
"00000278;MORTADELA MINI X UNID.;41;L41 ENV AL VACIO;77.96250
"00000278;MORTADELA MINI X UNID.;2;L2 VILLARINO;0.00000
"00000278;MORTADELA MINI X UNID.;54;USUARIO FAENA  BBCA;1.00000
"00000278;MORTADELA MINI X UNID.;52;PM MEAT CHAIN BONARENSE;0.00000
"00000278;MORTADELA MINI X UNID.;4;L3 P ALTA/SIERRA/MONTE;0.00000
"00000278;MORTADELA MINI X UNID.;53;MD;0.00000
"00000278;MORTADELA MINI X UNID.;55;L55 MARTIN LISTA;0.00000
"00000279;PULPA HORNEADA ENVASADA;52;PM MEAT CHAIN BONARENSE;0.00000
"00000279;PULPA HORNEADA ENVASADA;26;L60 TOTO SAPORE;0.00000
"00000279;PULPA HORNEADA ENVASADA;41;L41 ENV AL VACIO;0.00000
"00000279;PULPA HORNEADA ENVASADA;53;MD;0.00000
"00000279;PULPA HORNEADA ENVASADA;55;L55 MARTIN LISTA;0.00000
"00000279;PULPA HORNEADA ENVASADA;1;L1 COMERCIO;0.00000
"00000279;PULPA HORNEADA ENVASADA;2;L2 VILLARINO;0.00000
"00000279;PULPA HORNEADA ENVASADA;54;USUARIO FAENA  BBCA;1.00000
"00000279;PULPA HORNEADA ENVASADA;4;L3 P ALTA/SIERRA/MONTE;0.00000
"00000456;1/2 RES VACUNA (-120KG);4;L3 P ALTA/SIERRA/MONTE;0.00000
"00000456;1/2 RES VACUNA (-120KG);53;MD;0.00000
"00000456;1/2 RES VACUNA (-120KG);26;L60 TOTO SAPORE;0.00000
"00000456;1/2 RES VACUNA (-120KG);54;USUARIO FAENA  BBCA;0.00000
"00000456;1/2 RES VACUNA (-120KG);1;L1 COMERCIO;0.00000
"00000456;1/2 RES VACUNA (-120KG);41;L41 ENV AL VACIO;0.00000
"00000456;1/2 RES VACUNA (-120KG);55;L55 MARTIN LISTA;0.00000
"00000456;1/2 RES VACUNA (-120KG);2;L2 VILLARINO;0.00000
"00000456;1/2 RES VACUNA (-120KG);52;PM MEAT CHAIN BONARENSE;0.00000
"00000457;1/2 RES VACUNA (+120KG);1;L1 COMERCIO;0.00000
"00000457;1/2 RES VACUNA (+120KG);41;L41 ENV AL VACIO;0.00000
"00000457;1/2 RES VACUNA (+120KG);55;L55 MARTIN LISTA;0.00000
"00000457;1/2 RES VACUNA (+120KG);2;L2 VILLARINO;0.00000
"00000457;1/2 RES VACUNA (+120KG);52;PM MEAT CHAIN BONARENSE;0.00000
"00000457;1/2 RES VACUNA (+120KG);4;L3 P ALTA/SIERRA/MONTE;0.00000
"00000457;1/2 RES VACUNA (+120KG);53;MD;0.00000
"00000457;1/2 RES VACUNA (+120KG);26;L60 TOTO SAPORE;0.00000
"00000457;1/2 RES VACUNA (+120KG);54;USUARIO FAENA  BBCA;0.00000
"00000280;SAND. TRIPLES ESPECIALES DOC.;54;USUARIO FAENA  BBCA;1.00000
"00000280;SAND. TRIPLES ESPECIALES DOC.;4;L3 P ALTA/SIERRA/MONTE;0.00000
"00000280;SAND. TRIPLES ESPECIALES DOC.;26;L60 TOTO SAPORE;0.00000
"00000280;SAND. TRIPLES ESPECIALES DOC.;55;L55 MARTIN LISTA;0.00000
"00000280;SAND. TRIPLES ESPECIALES DOC.;1;L1 COMERCIO;0.00000
"00000280;SAND. TRIPLES ESPECIALES DOC.;41;L41 ENV AL VACIO;0.00000
"00000280;SAND. TRIPLES ESPECIALES DOC.;53;MD;0.00000
"00000280;SAND. TRIPLES ESPECIALES DOC.;2;L2 VILLARINO;0.00000
"00000280;SAND. TRIPLES ESPECIALES DOC.;52;PM MEAT CHAIN BONARENSE;0.00000
"00000281;PULPA COCIDA;2;L2 VILLARINO;0.00000
"00000281;PULPA COCIDA;52;PM MEAT CHAIN BONARENSE;0.00000
"00000281;PULPA COCIDA;54;USUARIO FAENA  BBCA;1.00000
"00000281;PULPA COCIDA;4;L3 P ALTA/SIERRA/MONTE;0.00000
"00000281;PULPA COCIDA;53;MD;0.00000
"00000281;PULPA COCIDA;26;L60 TOTO SAPORE;0.00000
"00000281;PULPA COCIDA;55;L55 MARTIN LISTA;0.00000
"00000281;PULPA COCIDA;1;L1 COMERCIO;0.00000
"00000281;PULPA COCIDA;41;L41 ENV AL VACIO;0.00000
"00000282;CARNE RELLENA COCIDA;55;L55 MARTIN LISTA;0.00000
"00000282;CARNE RELLENA COCIDA;1;L1 COMERCIO;0.00000
"00000282;CARNE RELLENA COCIDA;41;L41 ENV AL VACIO;0.00000
"00000282;CARNE RELLENA COCIDA;2;L2 VILLARINO;0.00000
"00000282;CARNE RELLENA COCIDA;52;PM MEAT CHAIN BONARENSE;0.00000
"00000282;CARNE RELLENA COCIDA;54;USUARIO FAENA  BBCA;1.00000
"00000282;CARNE RELLENA COCIDA;4;L3 P ALTA/SIERRA/MONTE;0.00000
"00000282;CARNE RELLENA COCIDA;53;MD;0.00000
"00000282;CARNE RELLENA COCIDA;26;L60 TOTO SAPORE;0.00000
"00000283;TARTAS;26;L60 TOTO SAPORE;0.00000
"00000283;TARTAS;55;L55 MARTIN LISTA;0.00000
"00000283;TARTAS;1;L1 COMERCIO;0.00000
"00000283;TARTAS;41;L41 ENV AL VACIO;0.00000
"00000283;TARTAS;2;L2 VILLARINO;0.00000
"00000283;TARTAS;52;PM MEAT CHAIN BONARENSE;0.00000
"00000283;TARTAS;4;L3 P ALTA/SIERRA/MONTE;0.00000
"00000283;TARTAS;54;USUARIO FAENA  BBCA;1.00000
"00000283;TARTAS;53;MD;0.00000
"00000458;CIMA;41;L41 ENV AL VACIO;0.00000
"00000458;CIMA;54;USUARIO FAENA  BBCA;1.00000
"00000458;CIMA;2;L2 VILLARINO;0.00000
"00000458;CIMA;52;PM MEAT CHAIN BONARENSE;0.00000
"00000458;CIMA;4;L3 P ALTA/SIERRA/MONTE;0.00000
"00000458;CIMA;55;L55 MARTIN LISTA;1.00000
"00000458;CIMA;53;MD;0.00000
"00000458;CIMA;26;L60 TOTO SAPORE;691.24000
"00000458;CIMA;1;L1 COMERCIO;0.00000
"00000290;QUESO HOLANDA;52;PM MEAT CHAIN BONARENSE;0.00000
"00000290;QUESO HOLANDA;53;MD;0.00000
"00000290;QUESO HOLANDA;2;L2 VILLARINO;0.00000
"00000290;QUESO HOLANDA;26;L60 TOTO SAPORE;0.00000
"00000290;QUESO HOLANDA;54;USUARIO FAENA  BBCA;1.00000
"00000290;QUESO HOLANDA;4;L3 P ALTA/SIERRA/MONTE;0.00000
"00000290;QUESO HOLANDA;41;L41 ENV AL VACIO;0.00000
"00000290;QUESO HOLANDA;55;L55 MARTIN LISTA;0.00000
"00000290;QUESO HOLANDA;1;L1 COMERCIO;0.00000
"00000291;QUESO CRIOLLO;55;L55 MARTIN LISTA;0.00000
"00000291;QUESO CRIOLLO;2;L2 VILLARINO;0.00000
"00000291;QUESO CRIOLLO;52;PM MEAT CHAIN BONARENSE;0.00000
"00000291;QUESO CRIOLLO;53;MD;0.00000
"00000291;QUESO CRIOLLO;26;L60 TOTO SAPORE;0.00000
"00000291;QUESO CRIOLLO;4;L3 P ALTA/SIERRA/MONTE;0.00000
"00000291;QUESO CRIOLLO;54;USUARIO FAENA  BBCA;0.00000
"00000291;QUESO CRIOLLO;41;L41 ENV AL VACIO;0.00000
"00000291;QUESO CRIOLLO;1;L1 COMERCIO;0.00000
"00000292;QUESO GRUYERE;1;L1 COMERCIO;0.00000
"00000292;QUESO GRUYERE;2;L2 VILLARINO;0.00000
"00000292;QUESO GRUYERE;55;L55 MARTIN LISTA;0.00000
"00000292;QUESO GRUYERE;4;L3 P ALTA/SIERRA/MONTE;0.00000
"00000292;QUESO GRUYERE;52;PM MEAT CHAIN BONARENSE;0.00000
"00000292;QUESO GRUYERE;53;MD;0.00000
"00000292;QUESO GRUYERE;26;L60 TOTO SAPORE;0.00000
"00000292;QUESO GRUYERE;41;L41 ENV AL VACIO;0.00000
"00000292;QUESO GRUYERE;54;USUARIO FAENA  BBCA;0.00000
"00000293;QUESO FONTINA;26;L60 TOTO SAPORE;0.00000
"00000293;QUESO FONTINA;1;L1 COMERCIO;0.00000
"00000293;QUESO FONTINA;54;USUARIO FAENA  BBCA;0.00000
"00000293;QUESO FONTINA;2;L2 VILLARINO;0.00000
"00000293;QUESO FONTINA;4;L3 P ALTA/SIERRA/MONTE;0.00000
"00000293;QUESO FONTINA;55;L55 MARTIN LISTA;0.00000
"00000293;QUESO FONTINA;52;PM MEAT CHAIN BONARENSE;0.00000
"00000293;QUESO FONTINA;53;MD;0.00000
"00000293;QUESO FONTINA;41;L41 ENV AL VACIO;0.00000
"00000146;EMBUTIDOS;26;L60 TOTO SAPORE;0.00000
"00000146;EMBUTIDOS;1;L1 COMERCIO;0.00000
"00000146;EMBUTIDOS;41;L41 ENV AL VACIO;0.00000
"00000146;EMBUTIDOS;54;USUARIO FAENA  BBCA;0.00000
"00000146;EMBUTIDOS;2;L2 VILLARINO;0.00000
"00000146;EMBUTIDOS;52;PM MEAT CHAIN BONARENSE;0.00000
"00000146;EMBUTIDOS;53;MD;0.00000
"00000146;EMBUTIDOS;55;L55 MARTIN LISTA;0.00000
"00000146;EMBUTIDOS;4;L3 P ALTA/SIERRA/MONTE;0.00000
"00000470;ASADO VACA;52;PM MEAT CHAIN BONARENSE;0.00000
"00000470;ASADO VACA;55;L55 MARTIN LISTA;0.00000
"00000470;ASADO VACA;41;L41 ENV AL VACIO;0.00000
"00000470;ASADO VACA;53;MD;0.00000
"00000470;ASADO VACA;1;L1 COMERCIO;0.00000
"00000470;ASADO VACA;2;L2 VILLARINO;0.00000
"00000470;ASADO VACA;54;USUARIO FAENA  BBCA;1.00000
"00000470;ASADO VACA;4;L3 P ALTA/SIERRA/MONTE;0.00000
"00000470;ASADO VACA;26;L60 TOTO SAPORE;691.24000
"00000270;MILANESAS DE POLLO;1;L1 COMERCIO;12355.37190
"00000270;MILANESAS DE POLLO;41;L41 ENV AL VACIO;0.00000
"00000270;MILANESAS DE POLLO;2;L2 VILLARINO;12355.37190
"00000270;MILANESAS DE POLLO;52;PM MEAT CHAIN BONARENSE;0.00000
"00000270;MILANESAS DE POLLO;55;L55 MARTIN LISTA;0.00000
"00000270;MILANESAS DE POLLO;4;L3 P ALTA/SIERRA/MONTE;12355.37190
"00000270;MILANESAS DE POLLO;53;MD;0.00000
"00000270;MILANESAS DE POLLO;26;L60 TOTO SAPORE;0.00000
"00000270;MILANESAS DE POLLO;54;USUARIO FAENA  BBCA;1.00000
"00000271;HAMBURGUESAS DE OFERTA ZONA X 4;41;L41 ENV AL VACIO;0.00000
"00000271;HAMBURGUESAS DE OFERTA ZONA X 4;54;USUARIO FAENA  BBCA;1.00000
"00000271;HAMBURGUESAS DE OFERTA ZONA X 4;1;L1 COMERCIO;0.00000
"00000271;HAMBURGUESAS DE OFERTA ZONA X 4;26;L60 TOTO SAPORE;0.00000
"00000271;HAMBURGUESAS DE OFERTA ZONA X 4;2;L2 VILLARINO;0.00000
"00000271;HAMBURGUESAS DE OFERTA ZONA X 4;55;L55 MARTIN LISTA;0.00000
"00000271;HAMBURGUESAS DE OFERTA ZONA X 4;4;L3 P ALTA/SIERRA/MONTE;0.00000
"00000271;HAMBURGUESAS DE OFERTA ZONA X 4;52;PM MEAT CHAIN BONARENSE;0.00000
"00000271;HAMBURGUESAS DE OFERTA ZONA X 4;53;MD;0.00000
"00000272;SALAMIN DE OFERTA;1;L1 COMERCIO;0.00000
"00000272;SALAMIN DE OFERTA;52;PM MEAT CHAIN BONARENSE;0.00000
"00000272;SALAMIN DE OFERTA;53;MD;0.00000
"00000272;SALAMIN DE OFERTA;2;L2 VILLARINO;0.00000
"00000272;SALAMIN DE OFERTA;54;USUARIO FAENA  BBCA;1.00000
"00000272;SALAMIN DE OFERTA;4;L3 P ALTA/SIERRA/MONTE;0.00000
"00000272;SALAMIN DE OFERTA;26;L60 TOTO SAPORE;0.00000
"00000272;SALAMIN DE OFERTA;55;L55 MARTIN LISTA;0.00000
"00000272;SALAMIN DE OFERTA;41;L41 ENV AL VACIO;0.00000
"00000284;HAMBURGUESAS SUPER ZONA;41;L41 ENV AL VACIO;0.00000
"00000284;HAMBURGUESAS SUPER ZONA;55;L55 MARTIN LISTA;0.00000
"00000284;HAMBURGUESAS SUPER ZONA;1;L1 COMERCIO;0.00000
"00000284;HAMBURGUESAS SUPER ZONA;26;L60 TOTO SAPORE;1437.30400
"00000284;HAMBURGUESAS SUPER ZONA;2;L2 VILLARINO;0.00000
"00000284;HAMBURGUESAS SUPER ZONA;52;PM MEAT CHAIN BONARENSE;0.00000
"00000284;HAMBURGUESAS SUPER ZONA;53;MD;0.00000
"00000284;HAMBURGUESAS SUPER ZONA;4;L3 P ALTA/SIERRA/MONTE;0.00000
"00000284;HAMBURGUESAS SUPER ZONA;54;USUARIO FAENA  BBCA;1.00000
"00000285;HAMBURGUESA CHICA ZONA;54;USUARIO FAENA  BBCA;1.00000
"00000285;HAMBURGUESA CHICA ZONA;41;L41 ENV AL VACIO;0.00000
"00000285;HAMBURGUESA CHICA ZONA;1;L1 COMERCIO;0.00000
"00000285;HAMBURGUESA CHICA ZONA;55;L55 MARTIN LISTA;0.00000
"00000285;HAMBURGUESA CHICA ZONA;2;L2 VILLARINO;0.00000
"00000285;HAMBURGUESA CHICA ZONA;26;L60 TOTO SAPORE;0.00000
"00000285;HAMBURGUESA CHICA ZONA;4;L3 P ALTA/SIERRA/MONTE;0.00000
"00000285;HAMBURGUESA CHICA ZONA;52;PM MEAT CHAIN BONARENSE;0.00000
"00000285;HAMBURGUESA CHICA ZONA;53;MD;0.00000
"00000460;COLITA DE CUADRIL;52;PM MEAT CHAIN BONARENSE;0.00000
"00000460;COLITA DE CUADRIL;41;L41 ENV AL VACIO;0.00000
"00000460;COLITA DE CUADRIL;53;MD;0.00000
"00000460;COLITA DE CUADRIL;54;USUARIO FAENA  BBCA;1.00000
"00000460;COLITA DE CUADRIL;1;L1 COMERCIO;0.00000
"00000460;COLITA DE CUADRIL;2;L2 VILLARINO;0.00000
"00000460;COLITA DE CUADRIL;26;L60 TOTO SAPORE;21730.72000
"00000460;COLITA DE CUADRIL;55;L55 MARTIN LISTA;1.00000
"00000460;COLITA DE CUADRIL;4;L3 P ALTA/SIERRA/MONTE;0.00000
"00000461;ESPINAZO;41;L41 ENV AL VACIO;0.00000
"00000461;ESPINAZO;52;PM MEAT CHAIN BONARENSE;0.00000
"00000461;ESPINAZO;1;L1 COMERCIO;0.00000
"00000461;ESPINAZO;53;MD;0.00000
"00000461;ESPINAZO;54;USUARIO FAENA  BBCA;1.00000
"00000461;ESPINAZO;2;L2 VILLARINO;0.00000
"00000461;ESPINAZO;26;L60 TOTO SAPORE;691.24000
"00000461;ESPINAZO;4;L3 P ALTA/SIERRA/MONTE;0.00000
"00000461;ESPINAZO;55;L55 MARTIN LISTA;1.00000
"00000462;GARRON;4;L3 P ALTA/SIERRA/MONTE;0.00000
"00000462;GARRON;26;L60 TOTO SAPORE;691.24000
"00000462;GARRON;55;L55 MARTIN LISTA;1.00000
"00000462;GARRON;41;L41 ENV AL VACIO;0.00000
"00000462;GARRON;1;L1 COMERCIO;0.00000
"00000462;GARRON;52;PM MEAT CHAIN BONARENSE;0.00000
"00000462;GARRON;53;MD;0.00000
"00000462;GARRON;2;L2 VILLARINO;0.00000
"00000462;GARRON;54;USUARIO FAENA  BBCA;1.00000
"00000463;MOCHO CON HUESO;4;L3 P ALTA/SIERRA/MONTE;0.00000
"00000463;MOCHO CON HUESO;54;USUARIO FAENA  BBCA;1.00000
"00000463;MOCHO CON HUESO;41;L41 ENV AL VACIO;0.00000
"00000463;MOCHO CON HUESO;26;L60 TOTO SAPORE;691.24000
"00000463;MOCHO CON HUESO;55;L55 MARTIN LISTA;1.00000
"00000463;MOCHO CON HUESO;1;L1 COMERCIO;0.00000
"00000463;MOCHO CON HUESO;2;L2 VILLARINO;0.00000
"00000463;MOCHO CON HUESO;52;PM MEAT CHAIN BONARENSE;0.00000
"00000463;MOCHO CON HUESO;53;MD;0.00000
"00000464;NALGA FILETEADA;26;L60 TOTO SAPORE;0.00000
"00000464;NALGA FILETEADA;54;USUARIO FAENA  BBCA;1.00000
"00000464;NALGA FILETEADA;1;L1 COMERCIO;21072.21760
"00000464;NALGA FILETEADA;41;L41 ENV AL VACIO;0.00000
"00000464;NALGA FILETEADA;2;L2 VILLARINO;21072.21760
"00000464;NALGA FILETEADA;52;PM MEAT CHAIN BONARENSE;0.00000
"00000464;NALGA FILETEADA;55;L55 MARTIN LISTA;0.00000
"00000464;NALGA FILETEADA;4;L3 P ALTA/SIERRA/MONTE;21072.21760
"00000464;NALGA FILETEADA;53;MD;0.00000
"00000339;CORDERO DE 10 A 11.900 KG.;26;L60 TOTO SAPORE;0.00000
"00000339;CORDERO DE 10 A 11.900 KG.;55;L55 MARTIN LISTA;0.00000
"00000339;CORDERO DE 10 A 11.900 KG.;4;L3 P ALTA/SIERRA/MONTE;0.00000
"00000339;CORDERO DE 10 A 11.900 KG.;54;USUARIO FAENA  BBCA;1.00000
"00000339;CORDERO DE 10 A 11.900 KG.;52;PM MEAT CHAIN BONARENSE;0.00000
"00000339;CORDERO DE 10 A 11.900 KG.;41;L41 ENV AL VACIO;0.00000
"00000339;CORDERO DE 10 A 11.900 KG.;53;MD;0.00000
"00000339;CORDERO DE 10 A 11.900 KG.;1;L1 COMERCIO;0.00000
"00000339;CORDERO DE 10 A 11.900 KG.;2;L2 VILLARINO;0.00000
"00000340;CORDERO DE 12 A 15.900 KG;4;L3 P ALTA/SIERRA/MONTE;0.00000
"00000340;CORDERO DE 12 A 15.900 KG;52;PM MEAT CHAIN BONARENSE;0.00000
"00000340;CORDERO DE 12 A 15.900 KG;53;MD;0.00000
"00000340;CORDERO DE 12 A 15.900 KG;26;L60 TOTO SAPORE;0.00000
"00000340;CORDERO DE 12 A 15.900 KG;55;L55 MARTIN LISTA;0.00000
"00000340;CORDERO DE 12 A 15.900 KG;41;L41 ENV AL VACIO;0.00000
"00000340;CORDERO DE 12 A 15.900 KG;1;L1 COMERCIO;0.00000
"00000340;CORDERO DE 12 A 15.900 KG;54;USUARIO FAENA  BBCA;1.00000
"00000340;CORDERO DE 12 A 15.900 KG;2;L2 VILLARINO;0.00000
"00000343;CORDERO DE 16 A 19 KG;4;L3 P ALTA/SIERRA/MONTE;0.00000
"00000343;CORDERO DE 16 A 19 KG;41;L41 ENV AL VACIO;0.00000
"00000343;CORDERO DE 16 A 19 KG;1;L1 COMERCIO;0.00000
"00000343;CORDERO DE 16 A 19 KG;26;L60 TOTO SAPORE;0.00000
"00000343;CORDERO DE 16 A 19 KG;55;L55 MARTIN LISTA;0.00000
"00000343;CORDERO DE 16 A 19 KG;52;PM MEAT CHAIN BONARENSE;0.00000
"00000343;CORDERO DE 16 A 19 KG;53;MD;0.00000
"00000343;CORDERO DE 16 A 19 KG;2;L2 VILLARINO;0.00000
"00000343;CORDERO DE 16 A 19 KG;54;USUARIO FAENA  BBCA;1.00000
"00000227;JAMON CRUDO CON HUESO Y CEPO;54;USUARIO FAENA  BBCA;0.00000
"00000227;JAMON CRUDO CON HUESO Y CEPO;1;L1 COMERCIO;0.00000
"00000227;JAMON CRUDO CON HUESO Y CEPO;41;L41 ENV AL VACIO;0.00000
"00000227;JAMON CRUDO CON HUESO Y CEPO;55;L55 MARTIN LISTA;0.00000
"00000227;JAMON CRUDO CON HUESO Y CEPO;2;L2 VILLARINO;0.00000
"00000227;JAMON CRUDO CON HUESO Y CEPO;52;PM MEAT CHAIN BONARENSE;0.00000
"00000227;JAMON CRUDO CON HUESO Y CEPO;4;L3 P ALTA/SIERRA/MONTE;0.00000
"00000227;JAMON CRUDO CON HUESO Y CEPO;53;MD;0.00000
"00000227;JAMON CRUDO CON HUESO Y CEPO;26;L60 TOTO SAPORE;0.00000
"00000423;OJO DE BIFE;4;L3 P ALTA/SIERRA/MONTE;25696.39520
"00000423;OJO DE BIFE;53;MD;0.00000
"00000423;OJO DE BIFE;26;L60 TOTO SAPORE;25237.53100
"00000423;OJO DE BIFE;54;USUARIO FAENA  BBCA;0.00000
"00000423;OJO DE BIFE;1;L1 COMERCIO;25696.39520
"00000423;OJO DE BIFE;41;L41 ENV AL VACIO;0.00000
"00000423;OJO DE BIFE;55;L55 MARTIN LISTA;22788.87600
"00000423;OJO DE BIFE;2;L2 VILLARINO;25696.39520
"00000423;OJO DE BIFE;52;PM MEAT CHAIN BONARENSE;21845.70300
"00000345;PICADA DE CERDO;41;L41 ENV AL VACIO;0.00000
"00000345;PICADA DE CERDO;55;L55 MARTIN LISTA;5589.99100
"00000345;PICADA DE CERDO;2;L2 VILLARINO;9736.96900
"00000345;PICADA DE CERDO;52;PM MEAT CHAIN BONARENSE;5324.34100
"00000345;PICADA DE CERDO;4;L3 P ALTA/SIERRA/MONTE;9736.96900
"00000345;PICADA DE CERDO;53;MD;0.00000
"00000345;PICADA DE CERDO;26;L60 TOTO SAPORE;786.12600
"00000345;PICADA DE CERDO;54;USUARIO FAENA  BBCA;1.00000
"00000345;PICADA DE CERDO;1;L1 COMERCIO;9736.96900
"00000344;GRASA DE CERDO;4;L3 P ALTA/SIERRA/MONTE;0.00000
"00000344;GRASA DE CERDO;54;USUARIO FAENA  BBCA;1.00000
"00000344;GRASA DE CERDO;52;PM MEAT CHAIN BONARENSE;0.00000
"00000344;GRASA DE CERDO;53;MD;0.00000
"00000344;GRASA DE CERDO;41;L41 ENV AL VACIO;0.00000
"00000344;GRASA DE CERDO;1;L1 COMERCIO;0.00000
"00000344;GRASA DE CERDO;26;L60 TOTO SAPORE;717.36500
"00000344;GRASA DE CERDO;55;L55 MARTIN LISTA;0.00000
"00000344;GRASA DE CERDO;2;L2 VILLARINO;0.00000
"00000465;COLITA DE CUADRIL;41;L41 ENV AL VACIO;0.00000
"00000465;COLITA DE CUADRIL;55;L55 MARTIN LISTA;1.00000
"00000465;COLITA DE CUADRIL;1;L1 COMERCIO;0.00000
"00000465;COLITA DE CUADRIL;54;USUARIO FAENA  BBCA;1.00000
"00000465;COLITA DE CUADRIL;2;L2 VILLARINO;0.00000
"00000465;COLITA DE CUADRIL;26;L60 TOTO SAPORE;21730.72000
"00000465;COLITA DE CUADRIL;4;L3 P ALTA/SIERRA/MONTE;0.00000
"00000465;COLITA DE CUADRIL;52;PM MEAT CHAIN BONARENSE;0.00000
"00000465;COLITA DE CUADRIL;53;MD;0.00000
"00000294;HAMBURGUESA CHICA POR UNIDAD;41;L41 ENV AL VACIO;0.00000
"00000294;HAMBURGUESA CHICA POR UNIDAD;55;L55 MARTIN LISTA;1197.13000
"00000294;HAMBURGUESA CHICA POR UNIDAD;2;L2 VILLARINO;749.08900
"00000294;HAMBURGUESA CHICA POR UNIDAD;52;PM MEAT CHAIN BONARENSE;1209.61500
"00000294;HAMBURGUESA CHICA POR UNIDAD;4;L3 P ALTA/SIERRA/MONTE;749.08900
"00000294;HAMBURGUESA CHICA POR UNIDAD;53;MD;0.00000
"00000294;HAMBURGUESA CHICA POR UNIDAD;26;L60 TOTO SAPORE;0.00000
"00000294;HAMBURGUESA CHICA POR UNIDAD;54;USUARIO FAENA  BBCA;1.00000
"00000294;HAMBURGUESA CHICA POR UNIDAD;1;L1 COMERCIO;727.27600
"00000295;HAMBURGUESA GRANDE POR UNIDAD;26;L60 TOTO SAPORE;0.00000
"00000295;HAMBURGUESA GRANDE POR UNIDAD;54;USUARIO FAENA  BBCA;0.00000
"00000295;HAMBURGUESA GRANDE POR UNIDAD;1;L1 COMERCIO;1045.45100
"00000295;HAMBURGUESA GRANDE POR UNIDAD;41;L41 ENV AL VACIO;0.00000
"00000295;HAMBURGUESA GRANDE POR UNIDAD;55;L55 MARTIN LISTA;1796.21200
"00000295;HAMBURGUESA GRANDE POR UNIDAD;2;L2 VILLARINO;1076.36100
"00000295;HAMBURGUESA GRANDE POR UNIDAD;52;PM MEAT CHAIN BONARENSE;1814.38400
"00000295;HAMBURGUESA GRANDE POR UNIDAD;4;L3 P ALTA/SIERRA/MONTE;1076.36100
"00000295;HAMBURGUESA GRANDE POR UNIDAD;53;MD;0.00000
"00000296;BROCHETTE;52;PM MEAT CHAIN BONARENSE;0.00000
"00000296;BROCHETTE;53;MD;0.00000
"00000296;BROCHETTE;1;L1 COMERCIO;0.00000
"00000296;BROCHETTE;26;L60 TOTO SAPORE;0.00000
"00000296;BROCHETTE;55;L55 MARTIN LISTA;0.00000
"00000296;BROCHETTE;2;L2 VILLARINO;0.00000
"00000296;BROCHETTE;4;L3 P ALTA/SIERRA/MONTE;0.00000
"00000296;BROCHETTE;54;USUARIO FAENA  BBCA;0.00000
"00000296;BROCHETTE;41;L41 ENV AL VACIO;0.00000
"00000346;SANGRE;26;L60 TOTO SAPORE;0.00000
"00000346;SANGRE;1;L1 COMERCIO;0.00000
"00000346;SANGRE;52;PM MEAT CHAIN BONARENSE;0.00000
"00000346;SANGRE;53;MD;0.00000
"00000346;SANGRE;2;L2 VILLARINO;0.00000
"00000346;SANGRE;55;L55 MARTIN LISTA;0.00000
"00000346;SANGRE;4;L3 P ALTA/SIERRA/MONTE;0.00000
"00000346;SANGRE;54;USUARIO FAENA  BBCA;1.00000
"00000346;SANGRE;41;L41 ENV AL VACIO;0.00000
"00000297;MIL CARNE ENV ATMOSF. CONT;41;L41 ENV AL VACIO;0.00000
"00000297;MIL CARNE ENV ATMOSF. CONT;54;USUARIO FAENA  BBCA;1.00000
"00000297;MIL CARNE ENV ATMOSF. CONT;1;L1 COMERCIO;0.00000
"00000297;MIL CARNE ENV ATMOSF. CONT;2;L2 VILLARINO;0.00000
"00000297;MIL CARNE ENV ATMOSF. CONT;26;L60 TOTO SAPORE;0.00000
"00000297;MIL CARNE ENV ATMOSF. CONT;52;PM MEAT CHAIN BONARENSE;0.00000
"00000297;MIL CARNE ENV ATMOSF. CONT;53;MD;0.00000
"00000297;MIL CARNE ENV ATMOSF. CONT;4;L3 P ALTA/SIERRA/MONTE;0.00000
"00000297;MIL CARNE ENV ATMOSF. CONT;55;L55 MARTIN LISTA;0.00000
"00000472;VACIO DE VACA;1;L1 COMERCIO;0.00000
"00000472;VACIO DE VACA;41;L41 ENV AL VACIO;0.00000
"00000472;VACIO DE VACA;55;L55 MARTIN LISTA;20695.92800
"00000472;VACIO DE VACA;2;L2 VILLARINO;0.00000
"00000472;VACIO DE VACA;52;PM MEAT CHAIN BONARENSE;0.00000
"00000472;VACIO DE VACA;4;L3 P ALTA/SIERRA/MONTE;0.00000
"00000472;VACIO DE VACA;53;MD;0.00000
"00000472;VACIO DE VACA;26;L60 TOTO SAPORE;691.24000
"00000472;VACIO DE VACA;54;USUARIO FAENA  BBCA;0.00000
"00000471;MATAMBRE DE VACA;54;USUARIO FAENA  BBCA;1.00000
"00000471;MATAMBRE DE VACA;2;L2 VILLARINO;0.00000
"00000471;MATAMBRE DE VACA;52;PM MEAT CHAIN BONARENSE;0.00000
"00000471;MATAMBRE DE VACA;55;L55 MARTIN LISTA;0.00000
"00000471;MATAMBRE DE VACA;4;L3 P ALTA/SIERRA/MONTE;0.00000
"00000471;MATAMBRE DE VACA;53;MD;0.00000
"00000471;MATAMBRE DE VACA;26;L60 TOTO SAPORE;691.24000
"00000471;MATAMBRE DE VACA;1;L1 COMERCIO;0.00000
"00000471;MATAMBRE DE VACA;41;L41 ENV AL VACIO;0.00000
"00000286;SANDWICH PAN ESPECIAL;41;L41 ENV AL VACIO;0.00000
"00000286;SANDWICH PAN ESPECIAL;54;USUARIO FAENA  BBCA;1.00000
"00000286;SANDWICH PAN ESPECIAL;52;PM MEAT CHAIN BONARENSE;0.00000
"00000286;SANDWICH PAN ESPECIAL;55;L55 MARTIN LISTA;0.00000
"00000286;SANDWICH PAN ESPECIAL;1;L1 COMERCIO;0.00000
"00000286;SANDWICH PAN ESPECIAL;53;MD;0.00000
"00000286;SANDWICH PAN ESPECIAL;2;L2 VILLARINO;0.00000
"00000286;SANDWICH PAN ESPECIAL;26;L60 TOTO SAPORE;0.00000
"00000286;SANDWICH PAN ESPECIAL;4;L3 P ALTA/SIERRA/MONTE;0.00000
"00000347;REEF DE CERDO;2;L2 VILLARINO;9694.90500
"00000347;REEF DE CERDO;52;PM MEAT CHAIN BONARENSE;5988.63100
"00000347;REEF DE CERDO;4;L3 P ALTA/SIERRA/MONTE;9694.90500
"00000347;REEF DE CERDO;53;MD;0.00000
"00000347;REEF DE CERDO;26;L60 TOTO SAPORE;786.12600
"00000347;REEF DE CERDO;54;USUARIO FAENA  BBCA;1.00000
"00000347;REEF DE CERDO;1;L1 COMERCIO;9694.90500
"00000347;REEF DE CERDO;41;L41 ENV AL VACIO;0.00000
"00000347;REEF DE CERDO;55;L55 MARTIN LISTA;0.00000
"00000473;BIFE DE CHORIZO MADURADO;52;PM MEAT CHAIN BONARENSE;20805.43300
"00000473;BIFE DE CHORIZO MADURADO;4;L3 P ALTA/SIERRA/MONTE;18145.52320
"00000473;BIFE DE CHORIZO MADURADO;53;MD;0.00000
"00000473;BIFE DE CHORIZO MADURADO;26;L60 TOTO SAPORE;691.22900
"00000473;BIFE DE CHORIZO MADURADO;54;USUARIO FAENA  BBCA;1.00000
"00000473;BIFE DE CHORIZO MADURADO;1;L1 COMERCIO;18145.52320
"00000473;BIFE DE CHORIZO MADURADO;41;L41 ENV AL VACIO;0.00000
"00000473;BIFE DE CHORIZO MADURADO;55;L55 MARTIN LISTA;1.00000
"00000473;BIFE DE CHORIZO MADURADO;2;L2 VILLARINO;18145.52320
"00000217;HAMB. GIGANTE POR UNIDAD;26;L60 TOTO SAPORE;0.00000
"00000217;HAMB. GIGANTE POR UNIDAD;2;L2 VILLARINO;0.00000
"00000217;HAMB. GIGANTE POR UNIDAD;52;PM MEAT CHAIN BONARENSE;0.00000
"00000217;HAMB. GIGANTE POR UNIDAD;53;MD;0.00000
"00000217;HAMB. GIGANTE POR UNIDAD;4;L3 P ALTA/SIERRA/MONTE;0.00000
"00000217;HAMB. GIGANTE POR UNIDAD;54;USUARIO FAENA  BBCA;1.00000
"00000217;HAMB. GIGANTE POR UNIDAD;41;L41 ENV AL VACIO;0.00000
"00000217;HAMB. GIGANTE POR UNIDAD;55;L55 MARTIN LISTA;0.00000
"00000217;HAMB. GIGANTE POR UNIDAD;1;L1 COMERCIO;0.00000
"00000474;ASADO DEL MEDIO;52;PM MEAT CHAIN BONARENSE;0.00000
"00000474;ASADO DEL MEDIO;4;L3 P ALTA/SIERRA/MONTE;0.00000
"00000474;ASADO DEL MEDIO;53;MD;0.00000
"00000474;ASADO DEL MEDIO;26;L60 TOTO SAPORE;12290.16800
"00000474;ASADO DEL MEDIO;1;L1 COMERCIO;0.00000
"00000474;ASADO DEL MEDIO;41;L41 ENV AL VACIO;0.00000
"00000474;ASADO DEL MEDIO;54;USUARIO FAENA  BBCA;0.00000
"00000474;ASADO DEL MEDIO;2;L2 VILLARINO;0.00000
"00000474;ASADO DEL MEDIO;55;L55 MARTIN LISTA;0.00000
"00000348;MILANESAS DE CERDO;26;L60 TOTO SAPORE;2002.70400
"00000348;MILANESAS DE CERDO;54;USUARIO FAENA  BBCA;1.00000
"00000348;MILANESAS DE CERDO;1;L1 COMERCIO;8391.73500
"00000348;MILANESAS DE CERDO;41;L41 ENV AL VACIO;0.00000
"00000348;MILANESAS DE CERDO;55;L55 MARTIN LISTA;0.00000
"00000348;MILANESAS DE CERDO;2;L2 VILLARINO;8391.73500
"00000348;MILANESAS DE CERDO;52;PM MEAT CHAIN BONARENSE;5111.86500
"00000348;MILANESAS DE CERDO;4;L3 P ALTA/SIERRA/MONTE;8391.73500
"00000348;MILANESAS DE CERDO;53;MD;0.00000
"00000349;CORDERO MAS DE 19 KG;54;USUARIO FAENA  BBCA;1.00000
"00000349;CORDERO MAS DE 19 KG;4;L3 P ALTA/SIERRA/MONTE;0.00000
"00000349;CORDERO MAS DE 19 KG;55;L55 MARTIN LISTA;0.00000
"00000349;CORDERO MAS DE 19 KG;41;L41 ENV AL VACIO;0.00000
"00000349;CORDERO MAS DE 19 KG;26;L60 TOTO SAPORE;0.00000
"00000349;CORDERO MAS DE 19 KG;1;L1 COMERCIO;0.00000
"00000349;CORDERO MAS DE 19 KG;2;L2 VILLARINO;0.00000
"00000349;CORDERO MAS DE 19 KG;52;PM MEAT CHAIN BONARENSE;0.00000
"00000349;CORDERO MAS DE 19 KG;53;MD;0.00000
"00000298;TABLA DE FIAMBRE MINI;2;L2 VILLARINO;0.00000
"00000298;TABLA DE FIAMBRE MINI;55;L55 MARTIN LISTA;0.00000
"00000298;TABLA DE FIAMBRE MINI;4;L3 P ALTA/SIERRA/MONTE;0.00000
"00000298;TABLA DE FIAMBRE MINI;54;USUARIO FAENA  BBCA;1.00000
"00000298;TABLA DE FIAMBRE MINI;41;L41 ENV AL VACIO;0.00000
"00000298;TABLA DE FIAMBRE MINI;52;PM MEAT CHAIN BONARENSE;0.00000
"00000298;TABLA DE FIAMBRE MINI;1;L1 COMERCIO;0.00000
"00000298;TABLA DE FIAMBRE MINI;53;MD;0.00000
"00000298;TABLA DE FIAMBRE MINI;26;L60 TOTO SAPORE;0.00000
"00000299;TABLA DE FIAMBRE CHICA;53;MD;0.00000
"00000299;TABLA DE FIAMBRE CHICA;26;L60 TOTO SAPORE;0.00000
"00000299;TABLA DE FIAMBRE CHICA;2;L2 VILLARINO;0.00000
"00000299;TABLA DE FIAMBRE CHICA;55;L55 MARTIN LISTA;0.00000
"00000299;TABLA DE FIAMBRE CHICA;4;L3 P ALTA/SIERRA/MONTE;0.00000
"00000299;TABLA DE FIAMBRE CHICA;41;L41 ENV AL VACIO;0.00000
"00000299;TABLA DE FIAMBRE CHICA;54;USUARIO FAENA  BBCA;1.00000
"00000299;TABLA DE FIAMBRE CHICA;1;L1 COMERCIO;0.00000
"00000299;TABLA DE FIAMBRE CHICA;52;PM MEAT CHAIN BONARENSE;0.00000
"00000350;SUPREMA;2;L2 VILLARINO;0.00000
"00000350;SUPREMA;4;L3 P ALTA/SIERRA/MONTE;0.00000
"00000350;SUPREMA;52;PM MEAT CHAIN BONARENSE;0.00000
"00000350;SUPREMA;55;L55 MARTIN LISTA;0.00000
"00000350;SUPREMA;53;MD;0.00000
"00000350;SUPREMA;26;L60 TOTO SAPORE;786.12600
"00000350;SUPREMA;41;L41 ENV AL VACIO;0.00000
"00000350;SUPREMA;54;USUARIO FAENA  BBCA;1.00000
"00000350;SUPREMA;1;L1 COMERCIO;0.00000
"00000125;PASTA DE CHORIZO;2;L2 VILLARINO;0.00000
"00000125;PASTA DE CHORIZO;52;PM MEAT CHAIN BONARENSE;0.00000
"00000125;PASTA DE CHORIZO;54;USUARIO FAENA  BBCA;0.00000
"00000125;PASTA DE CHORIZO;4;L3 P ALTA/SIERRA/MONTE;0.00000
"00000125;PASTA DE CHORIZO;53;MD;0.00000
"00000125;PASTA DE CHORIZO;26;L60 TOTO SAPORE;0.00000
"00000125;PASTA DE CHORIZO;1;L1 COMERCIO;0.00000
"00000125;PASTA DE CHORIZO;55;L55 MARTIN LISTA;0.00000
"00000125;PASTA DE CHORIZO;41;L41 ENV AL VACIO;0.00000
"00000321;CORTE PARRILLA (CERDO);2;L2 VILLARINO;8727.45500
"00000321;CORTE PARRILLA (CERDO);52;PM MEAT CHAIN BONARENSE;6177.72100
"00000321;CORTE PARRILLA (CERDO);4;L3 P ALTA/SIERRA/MONTE;8727.45500
"00000321;CORTE PARRILLA (CERDO);53;MD;0.00000
"00000321;CORTE PARRILLA (CERDO);26;L60 TOTO SAPORE;26273.44500
"00000321;CORTE PARRILLA (CERDO);54;USUARIO FAENA  BBCA;0.00000
"00000321;CORTE PARRILLA (CERDO);1;L1 COMERCIO;8393.92400
"00000321;CORTE PARRILLA (CERDO);41;L41 ENV AL VACIO;154.12950
"00000321;CORTE PARRILLA (CERDO);55;L55 MARTIN LISTA;6036.30500
"00000420;CORTE MADRON;55;L55 MARTIN LISTA;0.00000
"00000420;CORTE MADRON;26;L60 TOTO SAPORE;0.00000
"00000420;CORTE MADRON;54;USUARIO FAENA  BBCA;1.00000
"00000420;CORTE MADRON;1;L1 COMERCIO;0.00000
"00000420;CORTE MADRON;41;L41 ENV AL VACIO;0.00000
"00000420;CORTE MADRON;53;MD;0.00000
"00000420;CORTE MADRON;2;L2 VILLARINO;0.00000
"00000420;CORTE MADRON;52;PM MEAT CHAIN BONARENSE;0.00000
"00000420;CORTE MADRON;4;L3 P ALTA/SIERRA/MONTE;0.00000
"00000228;EMBUTIDOS I (CHORIZO COMUN  y VASCA);41;L41 ENV AL VACIO;0.00000
"00000228;EMBUTIDOS I (CHORIZO COMUN  y VASCA);53;MD;0.00000
"00000228;EMBUTIDOS I (CHORIZO COMUN  y VASCA);2;L2 VILLARINO;0.00000
"00000228;EMBUTIDOS I (CHORIZO COMUN  y VASCA);52;PM MEAT CHAIN BONARENSE;0.00000
"00000228;EMBUTIDOS I (CHORIZO COMUN  y VASCA);55;L55 MARTIN LISTA;0.00000
"00000228;EMBUTIDOS I (CHORIZO COMUN  y VASCA);4;L3 P ALTA/SIERRA/MONTE;0.00000
"00000228;EMBUTIDOS I (CHORIZO COMUN  y VASCA);54;USUARIO FAENA  BBCA;0.00000
"00000228;EMBUTIDOS I (CHORIZO COMUN  y VASCA);26;L60 TOTO SAPORE;0.00000
"00000228;EMBUTIDOS I (CHORIZO COMUN  y VASCA);1;L1 COMERCIO;0.00000
"00000229;CERDO I (PURO CERDO-MOR.VERDEO Y NUEZ);1;L1 COMERCIO;0.00000
"00000229;CERDO I (PURO CERDO-MOR.VERDEO Y NUEZ);2;L2 VILLARINO;0.00000
"00000229;CERDO I (PURO CERDO-MOR.VERDEO Y NUEZ);26;L60 TOTO SAPORE;0.00000
"00000229;CERDO I (PURO CERDO-MOR.VERDEO Y NUEZ);4;L3 P ALTA/SIERRA/MONTE;0.00000
"00000229;CERDO I (PURO CERDO-MOR.VERDEO Y NUEZ);55;L55 MARTIN LISTA;0.00000
"00000229;CERDO I (PURO CERDO-MOR.VERDEO Y NUEZ);52;PM MEAT CHAIN BONARENSE;0.00000
"00000229;CERDO I (PURO CERDO-MOR.VERDEO Y NUEZ);41;L41 ENV AL VACIO;0.00000
"00000229;CERDO I (PURO CERDO-MOR.VERDEO Y NUEZ);53;MD;0.00000
"00000229;CERDO I (PURO CERDO-MOR.VERDEO Y NUEZ);54;USUARIO FAENA  BBCA;0.00000
"00000410;ASADO PLANCHA EXP;26;L60 TOTO SAPORE;0.00000
"00000410;ASADO PLANCHA EXP;54;USUARIO FAENA  BBCA;1.00000
"00000410;ASADO PLANCHA EXP;1;L1 COMERCIO;15384.61538
"00000410;ASADO PLANCHA EXP;41;L41 ENV AL VACIO;0.00000
"00000410;ASADO PLANCHA EXP;55;L55 MARTIN LISTA;17520.36000
"00000410;ASADO PLANCHA EXP;2;L2 VILLARINO;15384.61538
"00000410;ASADO PLANCHA EXP;52;PM MEAT CHAIN BONARENSE;11394.43800
"00000410;ASADO PLANCHA EXP;4;L3 P ALTA/SIERRA/MONTE;15384.61538
"00000410;ASADO PLANCHA EXP;53;MD;0.00000
"00000351;PANCETA FRESCA S/RECORTAR;2;L2 VILLARINO;0.00000
"00000351;PANCETA FRESCA S/RECORTAR;54;USUARIO FAENA  BBCA;0.00000
"00000351;PANCETA FRESCA S/RECORTAR;4;L3 P ALTA/SIERRA/MONTE;0.00000
"00000351;PANCETA FRESCA S/RECORTAR;53;MD;0.00000
"00000351;PANCETA FRESCA S/RECORTAR;52;PM MEAT CHAIN BONARENSE;0.00000
"00000351;PANCETA FRESCA S/RECORTAR;41;L41 ENV AL VACIO;0.00000
"00000351;PANCETA FRESCA S/RECORTAR;1;L1 COMERCIO;0.00000
"00000351;PANCETA FRESCA S/RECORTAR;55;L55 MARTIN LISTA;0.00000
"00000351;PANCETA FRESCA S/RECORTAR;26;L60 TOTO SAPORE;0.00000
"00000352;PANCETA FRESCA RECORTADA;2;L2 VILLARINO;0.00000
"00000352;PANCETA FRESCA RECORTADA;55;L55 MARTIN LISTA;0.00000
"00000352;PANCETA FRESCA RECORTADA;26;L60 TOTO SAPORE;0.00000
"00000352;PANCETA FRESCA RECORTADA;4;L3 P ALTA/SIERRA/MONTE;0.00000
"00000352;PANCETA FRESCA RECORTADA;54;USUARIO FAENA  BBCA;0.00000
"00000352;PANCETA FRESCA RECORTADA;53;MD;0.00000
"00000352;PANCETA FRESCA RECORTADA;41;L41 ENV AL VACIO;0.00000
"00000352;PANCETA FRESCA RECORTADA;52;PM MEAT CHAIN BONARENSE;0.00000
"00000352;PANCETA FRESCA RECORTADA;1;L1 COMERCIO;0.00000
"00000900;COMISION POR GESTION DE VALORES;53;MD;0.00000
"00000900;COMISION POR GESTION DE VALORES;26;L60 TOTO SAPORE;0.00000
"00000900;COMISION POR GESTION DE VALORES;54;USUARIO FAENA  BBCA;0.00000
"00000900;COMISION POR GESTION DE VALORES;1;L1 COMERCIO;0.00000
"00000900;COMISION POR GESTION DE VALORES;41;L41 ENV AL VACIO;0.00000
"00000900;COMISION POR GESTION DE VALORES;55;L55 MARTIN LISTA;0.00000
"00000900;COMISION POR GESTION DE VALORES;2;L2 VILLARINO;0.00000
"00000900;COMISION POR GESTION DE VALORES;52;PM MEAT CHAIN BONARENSE;0.00000
"00000900;COMISION POR GESTION DE VALORES;4;L3 P ALTA/SIERRA/MONTE;0.00000
"00000415;ASADO CTO. VAC. Y MAT. EXPORT;55;L55 MARTIN LISTA;18615.38800
"00000415;ASADO CTO. VAC. Y MAT. EXPORT;2;L2 VILLARINO;18086.99200
"00000415;ASADO CTO. VAC. Y MAT. EXPORT;52;PM MEAT CHAIN BONARENSE;12106.60000
"00000415;ASADO CTO. VAC. Y MAT. EXPORT;4;L3 P ALTA/SIERRA/MONTE;18086.99200
"00000415;ASADO CTO. VAC. Y MAT. EXPORT;53;MD;4841.62896
"00000415;ASADO CTO. VAC. Y MAT. EXPORT;26;L60 TOTO SAPORE;0.00000
"00000415;ASADO CTO. VAC. Y MAT. EXPORT;54;USUARIO FAENA  BBCA;1.00000
"00000415;ASADO CTO. VAC. Y MAT. EXPORT;1;L1 COMERCIO;18086.99200
"00000415;ASADO CTO. VAC. Y MAT. EXPORT;41;L41 ENV AL VACIO;0.00000
"00000424;VACIO EXPORTACION;53;MD;0.00000
"00000424;VACIO EXPORTACION;26;L60 TOTO SAPORE;0.00000
"00000424;VACIO EXPORTACION;55;L55 MARTIN LISTA;20695.92800
"00000424;VACIO EXPORTACION;1;L1 COMERCIO;18099.54751
"00000424;VACIO EXPORTACION;41;L41 ENV AL VACIO;0.00000
"00000424;VACIO EXPORTACION;2;L2 VILLARINO;18099.54751
"00000424;VACIO EXPORTACION;54;USUARIO FAENA  BBCA;1.00452
"00000424;VACIO EXPORTACION;52;PM MEAT CHAIN BONARENSE;16379.50600
"00000424;VACIO EXPORTACION;4;L3 P ALTA/SIERRA/MONTE;18099.54751
"00000425;NALGA C/TAPA EXPORTACION;54;USUARIO FAENA  BBCA;1.00000
"00000425;NALGA C/TAPA EXPORTACION;1;L1 COMERCIO;0.00000
"00000425;NALGA C/TAPA EXPORTACION;41;L41 ENV AL VACIO;0.00000
"00000425;NALGA C/TAPA EXPORTACION;2;L2 VILLARINO;0.00000
"00000425;NALGA C/TAPA EXPORTACION;52;PM MEAT CHAIN BONARENSE;0.00000
"00000425;NALGA C/TAPA EXPORTACION;4;L3 P ALTA/SIERRA/MONTE;0.00000
"00000425;NALGA C/TAPA EXPORTACION;55;L55 MARTIN LISTA;0.00000
"00000425;NALGA C/TAPA EXPORTACION;53;MD;0.00000
"00000425;NALGA C/TAPA EXPORTACION;26;L60 TOTO SAPORE;0.00000
"00000475;MATAMBRE NOVILLO EXP;4;L3 P ALTA/SIERRA/MONTE;18176.37920
"00000475;MATAMBRE NOVILLO EXP;53;MD;0.00000
"00000475;MATAMBRE NOVILLO EXP;26;L60 TOTO SAPORE;0.00000
"00000475;MATAMBRE NOVILLO EXP;54;USUARIO FAENA  BBCA;0.00000
"00000475;MATAMBRE NOVILLO EXP;1;L1 COMERCIO;18176.37920
"00000475;MATAMBRE NOVILLO EXP;41;L41 ENV AL VACIO;0.00000
"00000475;MATAMBRE NOVILLO EXP;55;L55 MARTIN LISTA;17246.60300
"00000475;MATAMBRE NOVILLO EXP;2;L2 VILLARINO;18176.37920
"00000475;MATAMBRE NOVILLO EXP;52;PM MEAT CHAIN BONARENSE;15330.31500
"00000221;LEBERWURST ENV. AL VACIO;26;L60 TOTO SAPORE;0.00000
"00000221;LEBERWURST ENV. AL VACIO;54;USUARIO FAENA  BBCA;1.00000
"00000221;LEBERWURST ENV. AL VACIO;1;L1 COMERCIO;0.00000
"00000221;LEBERWURST ENV. AL VACIO;41;L41 ENV AL VACIO;0.00000
"00000221;LEBERWURST ENV. AL VACIO;2;L2 VILLARINO;0.00000
"00000221;LEBERWURST ENV. AL VACIO;52;PM MEAT CHAIN BONARENSE;0.00000
"00000221;LEBERWURST ENV. AL VACIO;4;L3 P ALTA/SIERRA/MONTE;0.00000
"00000221;LEBERWURST ENV. AL VACIO;55;L55 MARTIN LISTA;0.00000
"00000221;LEBERWURST ENV. AL VACIO;53;MD;0.00000
"00000950;FLETES;2;L2 VILLARINO;0.00000
"00000950;FLETES;52;PM MEAT CHAIN BONARENSE;0.00000
"00000950;FLETES;4;L3 P ALTA/SIERRA/MONTE;0.00000
"00000950;FLETES;53;MD;0.00000
"00000950;FLETES;26;L60 TOTO SAPORE;0.00000
"00000950;FLETES;54;USUARIO FAENA  BBCA;0.00000
"00000950;FLETES;1;L1 COMERCIO;0.00000
"00000950;FLETES;41;L41 ENV AL VACIO;0.00000
"00000950;FLETES;55;L55 MARTIN LISTA;0.00000
"00000476;ASADO COMP NOV EXP;26;L60 TOTO SAPORE;0.00000
"00000476;ASADO COMP NOV EXP;55;L55 MARTIN LISTA;0.00000
"00000476;ASADO COMP NOV EXP;1;L1 COMERCIO;0.00000
"00000476;ASADO COMP NOV EXP;41;L41 ENV AL VACIO;0.00000
"00000476;ASADO COMP NOV EXP;54;USUARIO FAENA  BBCA;1.00000
"00000476;ASADO COMP NOV EXP;2;L2 VILLARINO;0.00000
"00000476;ASADO COMP NOV EXP;53;MD;0.00000
"00000476;ASADO COMP NOV EXP;52;PM MEAT CHAIN BONARENSE;0.00000
"00000476;ASADO COMP NOV EXP;4;L3 P ALTA/SIERRA/MONTE;0.00000
"00000477;ASADO DEL MEDIO PLANCHA EXP.;1;L1 COMERCIO;19413.57466
"00000477;ASADO DEL MEDIO PLANCHA EXP.;41;L41 ENV AL VACIO;0.00000
"00000477;ASADO DEL MEDIO PLANCHA EXP.;2;L2 VILLARINO;19413.57466
"00000477;ASADO DEL MEDIO PLANCHA EXP.;52;PM MEAT CHAIN BONARENSE;13140.27000
"00000477;ASADO DEL MEDIO PLANCHA EXP.;55;L55 MARTIN LISTA;0.00000
"00000477;ASADO DEL MEDIO PLANCHA EXP.;4;L3 P ALTA/SIERRA/MONTE;19413.57466
"00000477;ASADO DEL MEDIO PLANCHA EXP.;53;MD;0.00000
"00000477;ASADO DEL MEDIO PLANCHA EXP.;26;L60 TOTO SAPORE;0.00000
"00000477;ASADO DEL MEDIO PLANCHA EXP.;54;USUARIO FAENA  BBCA;1.00000
"00000521;ENTRAÑA DE ASADO;4;L3 P ALTA/SIERRA/MONTE;19610.00160
"00000521;ENTRAÑA DE ASADO;53;MD;0.00000
"00000521;ENTRAÑA DE ASADO;26;L60 TOTO SAPORE;25285.67800
"00000521;ENTRAÑA DE ASADO;54;USUARIO FAENA  BBCA;1.00000
"00000521;ENTRAÑA DE ASADO;1;L1 COMERCIO;19610.00160
"00000521;ENTRAÑA DE ASADO;41;L41 ENV AL VACIO;0.00000
"00000521;ENTRAÑA DE ASADO;55;L55 MARTIN LISTA;18534.36200
"00000521;ENTRAÑA DE ASADO;2;L2 VILLARINO;19610.00160
"00000521;ENTRAÑA DE ASADO;52;PM MEAT CHAIN BONARENSE;9444.88600
"00000422;RECORTE DE CARNE CONG.;26;L60 TOTO SAPORE;0.00000
"00000422;RECORTE DE CARNE CONG.;54;USUARIO FAENA  BBCA;0.00000
"00000422;RECORTE DE CARNE CONG.;1;L1 COMERCIO;9902.54720
"00000422;RECORTE DE CARNE CONG.;41;L41 ENV AL VACIO;0.00000
"00000422;RECORTE DE CARNE CONG.;55;L55 MARTIN LISTA;10692.04400
"00000422;RECORTE DE CARNE CONG.;2;L2 VILLARINO;9902.54720
"00000422;RECORTE DE CARNE CONG.;52;PM MEAT CHAIN BONARENSE;11394.43800
"00000422;RECORTE DE CARNE CONG.;4;L3 P ALTA/SIERRA/MONTE;9902.54720
"00000422;RECORTE DE CARNE CONG.;53;MD;0.00000
"00000126;PROMO PURO CERDO X5KG;52;PM MEAT CHAIN BONARENSE;0.00000
"00000126;PROMO PURO CERDO X5KG;26;L60 TOTO SAPORE;0.00000
"00000126;PROMO PURO CERDO X5KG;1;L1 COMERCIO;0.00000
"00000126;PROMO PURO CERDO X5KG;41;L41 ENV AL VACIO;0.00000
"00000126;PROMO PURO CERDO X5KG;2;L2 VILLARINO;0.00000
"00000126;PROMO PURO CERDO X5KG;55;L55 MARTIN LISTA;0.00000
"00000126;PROMO PURO CERDO X5KG;54;USUARIO FAENA  BBCA;1.00000
"00000126;PROMO PURO CERDO X5KG;4;L3 P ALTA/SIERRA/MONTE;0.00000
"00000126;PROMO PURO CERDO X5KG;53;MD;0.00000
"00000127;PROMO CHORIZO ESP X 5KG;55;L55 MARTIN LISTA;0.00000
"00000127;PROMO CHORIZO ESP X 5KG;54;USUARIO FAENA  BBCA;1.00000
"00000127;PROMO CHORIZO ESP X 5KG;4;L3 P ALTA/SIERRA/MONTE;0.00000
"00000127;PROMO CHORIZO ESP X 5KG;53;MD;0.00000
"00000127;PROMO CHORIZO ESP X 5KG;26;L60 TOTO SAPORE;0.00000
"00000127;PROMO CHORIZO ESP X 5KG;52;PM MEAT CHAIN BONARENSE;0.00000
"00000127;PROMO CHORIZO ESP X 5KG;1;L1 COMERCIO;0.00000
"00000127;PROMO CHORIZO ESP X 5KG;41;L41 ENV AL VACIO;0.00000
"00000127;PROMO CHORIZO ESP X 5KG;2;L2 VILLARINO;0.00000
"00000128;PROMO MORCILLA VASCA X 4KG;1;L1 COMERCIO;0.00000
"00000128;PROMO MORCILLA VASCA X 4KG;41;L41 ENV AL VACIO;0.00000
"00000128;PROMO MORCILLA VASCA X 4KG;55;L55 MARTIN LISTA;0.00000
"00000128;PROMO MORCILLA VASCA X 4KG;2;L2 VILLARINO;0.00000
"00000128;PROMO MORCILLA VASCA X 4KG;54;USUARIO FAENA  BBCA;1.00000
"00000128;PROMO MORCILLA VASCA X 4KG;53;MD;0.00000
"00000128;PROMO MORCILLA VASCA X 4KG;4;L3 P ALTA/SIERRA/MONTE;0.00000
"00000128;PROMO MORCILLA VASCA X 4KG;52;PM MEAT CHAIN BONARENSE;0.00000
"00000128;PROMO MORCILLA VASCA X 4KG;26;L60 TOTO SAPORE;0.00000
"00000129;PROMO SALCH. CRIOLLA X 4KG;1;L1 COMERCIO;0.00000
"00000129;PROMO SALCH. CRIOLLA X 4KG;41;L41 ENV AL VACIO;0.00000
"00000129;PROMO SALCH. CRIOLLA X 4KG;2;L2 VILLARINO;0.00000
"00000129;PROMO SALCH. CRIOLLA X 4KG;55;L55 MARTIN LISTA;0.00000
"00000129;PROMO SALCH. CRIOLLA X 4KG;4;L3 P ALTA/SIERRA/MONTE;0.00000
"00000129;PROMO SALCH. CRIOLLA X 4KG;54;USUARIO FAENA  BBCA;1.00000
"00000129;PROMO SALCH. CRIOLLA X 4KG;53;MD;0.00000
"00000129;PROMO SALCH. CRIOLLA X 4KG;26;L60 TOTO SAPORE;0.00000
"00000129;PROMO SALCH. CRIOLLA X 4KG;52;PM MEAT CHAIN BONARENSE;0.00000
"00000459;PROMO PICADA X 5KG;52;PM MEAT CHAIN BONARENSE;5201.71300
"00000459;PROMO PICADA X 5KG;4;L3 P ALTA/SIERRA/MONTE;9902.54720
"00000459;PROMO PICADA X 5KG;53;MD;0.00000
"00000459;PROMO PICADA X 5KG;26;L60 TOTO SAPORE;0.00000
"00000459;PROMO PICADA X 5KG;54;USUARIO FAENA  BBCA;1.00000
"00000459;PROMO PICADA X 5KG;1;L1 COMERCIO;9902.54720
"00000459;PROMO PICADA X 5KG;41;L41 ENV AL VACIO;0.00000
"00000459;PROMO PICADA X 5KG;55;L55 MARTIN LISTA;0.00000
"00000459;PROMO PICADA X 5KG;2;L2 VILLARINO;9902.54720
"00000240;PROMO SALAMINES X 5KG (SURTIDO);26;L60 TOTO SAPORE;0.00000
"00000240;PROMO SALAMINES X 5KG (SURTIDO);1;L1 COMERCIO;17200.90900
"00000240;PROMO SALAMINES X 5KG (SURTIDO);41;L41 ENV AL VACIO;0.00000
"00000240;PROMO SALAMINES X 5KG (SURTIDO);2;L2 VILLARINO;17200.90900
"00000240;PROMO SALAMINES X 5KG (SURTIDO);53;MD;0.00000
"00000240;PROMO SALAMINES X 5KG (SURTIDO);55;L55 MARTIN LISTA;0.00000
"00000240;PROMO SALAMINES X 5KG (SURTIDO);54;USUARIO FAENA  BBCA;1.00000
"00000240;PROMO SALAMINES X 5KG (SURTIDO);4;L3 P ALTA/SIERRA/MONTE;17200.90900
"00000240;PROMO SALAMINES X 5KG (SURTIDO);52;PM MEAT CHAIN BONARENSE;0.00000
"00000478;ASADO 5 COSTILLA EXP;2;L2 VILLARINO;0.00000
"00000478;ASADO 5 COSTILLA EXP;52;PM MEAT CHAIN BONARENSE;7117.84700
"00000478;ASADO 5 COSTILLA EXP;4;L3 P ALTA/SIERRA/MONTE;0.00000
"00000478;ASADO 5 COSTILLA EXP;53;MD;0.00000
"00000478;ASADO 5 COSTILLA EXP;26;L60 TOTO SAPORE;0.00000
"00000478;ASADO 5 COSTILLA EXP;54;USUARIO FAENA  BBCA;0.00000
"00000478;ASADO 5 COSTILLA EXP;1;L1 COMERCIO;0.00000
"00000478;ASADO 5 COSTILLA EXP;41;L41 ENV AL VACIO;0.00000
"00000478;ASADO 5 COSTILLA EXP;55;L55 MARTIN LISTA;0.00000
"00000522;DEGOLLADERA;55;L55 MARTIN LISTA;5823.53200
"00000522;DEGOLLADERA;2;L2 VILLARINO;5929.41440
"00000522;DEGOLLADERA;52;PM MEAT CHAIN BONARENSE;5823.53200
"00000522;DEGOLLADERA;4;L3 P ALTA/SIERRA/MONTE;5929.41440
"00000522;DEGOLLADERA;53;MD;5828.05430
"00000522;DEGOLLADERA;26;L60 TOTO SAPORE;0.00000
"00000522;DEGOLLADERA;54;USUARIO FAENA  BBCA;3848.41629
"00000522;DEGOLLADERA;1;L1 COMERCIO;5929.41440
"00000522;DEGOLLADERA;41;L41 ENV AL VACIO;0.00000
"00000523;CARNE CABEZA VAC.;53;MD;4334.84163
"00000523;CARNE CABEZA VAC.;55;L55 MARTIN LISTA;0.00000
"00000523;CARNE CABEZA VAC.;54;USUARIO FAENA  BBCA;2138.00905
"00000523;CARNE CABEZA VAC.;4;L3 P ALTA/SIERRA/MONTE;4409.04800
"00000523;CARNE CABEZA VAC.;26;L60 TOTO SAPORE;0.00000
"00000523;CARNE CABEZA VAC.;1;L1 COMERCIO;4409.04800
"00000523;CARNE CABEZA VAC.;41;L41 ENV AL VACIO;0.00000
"00000523;CARNE CABEZA VAC.;2;L2 VILLARINO;4409.04800
"00000523;CARNE CABEZA VAC.;52;PM MEAT CHAIN BONARENSE;4330.31500
"00000524;CORAZON DE CERDO;26;L60 TOTO SAPORE;0.00000
"00000524;CORAZON DE CERDO;54;USUARIO FAENA  BBCA;1.00000
"00000524;CORAZON DE CERDO;1;L1 COMERCIO;0.00000
"00000524;CORAZON DE CERDO;41;L41 ENV AL VACIO;0.00000
"00000524;CORAZON DE CERDO;55;L55 MARTIN LISTA;1323.05800
"00000524;CORAZON DE CERDO;2;L2 VILLARINO;0.00000
"00000524;CORAZON DE CERDO;52;PM MEAT CHAIN BONARENSE;1335.78500
"00000524;CORAZON DE CERDO;4;L3 P ALTA/SIERRA/MONTE;0.00000
"00000524;CORAZON DE CERDO;53;MD;864.22830
"00000525;PANZA DE CERDO;26;L60 TOTO SAPORE;0.00000
"00000525;PANZA DE CERDO;54;USUARIO FAENA  BBCA;1.00000
"00000525;PANZA DE CERDO;4;L3 P ALTA/SIERRA/MONTE;0.00000
"00000525;PANZA DE CERDO;41;L41 ENV AL VACIO;0.00000
"00000525;PANZA DE CERDO;55;L55 MARTIN LISTA;1323.05800
"00000525;PANZA DE CERDO;52;PM MEAT CHAIN BONARENSE;1335.78500
"00000525;PANZA DE CERDO;1;L1 COMERCIO;0.00000
"00000525;PANZA DE CERDO;53;MD;864.22830
"00000525;PANZA DE CERDO;2;L2 VILLARINO;0.00000
"00000466;CUARTO VAC DESHUESADO;26;L60 TOTO SAPORE;0.00000
"00000466;CUARTO VAC DESHUESADO;1;L1 COMERCIO;14984.08800
"00000466;CUARTO VAC DESHUESADO;55;L55 MARTIN LISTA;1.00000
"00000466;CUARTO VAC DESHUESADO;41;L41 ENV AL VACIO;0.00000
"00000466;CUARTO VAC DESHUESADO;54;USUARIO FAENA  BBCA;1.00000
"00000466;CUARTO VAC DESHUESADO;2;L2 VILLARINO;14984.08800
"00000466;CUARTO VAC DESHUESADO;52;PM MEAT CHAIN BONARENSE;0.00000
"00000466;CUARTO VAC DESHUESADO;4;L3 P ALTA/SIERRA/MONTE;14984.08800
"00000466;CUARTO VAC DESHUESADO;53;MD;0.00000
"00000467;DELANTERO VAC DESHUESADO;1;L1 COMERCIO;12378.18400
"00000467;DELANTERO VAC DESHUESADO;41;L41 ENV AL VACIO;0.00000
"00000467;DELANTERO VAC DESHUESADO;2;L2 VILLARINO;12378.18400
"00000467;DELANTERO VAC DESHUESADO;52;PM MEAT CHAIN BONARENSE;0.00000
"00000467;DELANTERO VAC DESHUESADO;55;L55 MARTIN LISTA;1.00000
"00000467;DELANTERO VAC DESHUESADO;54;USUARIO FAENA  BBCA;1.00000
"00000467;DELANTERO VAC DESHUESADO;4;L3 P ALTA/SIERRA/MONTE;12378.18400
"00000467;DELANTERO VAC DESHUESADO;53;MD;0.00000
"00000467;DELANTERO VAC DESHUESADO;26;L60 TOTO SAPORE;0.00000
"00000479;ASADO C / VACIO EXP.;26;L60 TOTO SAPORE;0.00000
"00000479;ASADO C / VACIO EXP.;54;USUARIO FAENA  BBCA;0.00000
"00000479;ASADO C / VACIO EXP.;1;L1 COMERCIO;16696.83258
"00000479;ASADO C / VACIO EXP.;41;L41 ENV AL VACIO;0.00000
"00000479;ASADO C / VACIO EXP.;55;L55 MARTIN LISTA;15927.60181
"00000479;ASADO C / VACIO EXP.;2;L2 VILLARINO;16696.83258
"00000479;ASADO C / VACIO EXP.;52;PM MEAT CHAIN BONARENSE;11945.70136
"00000479;ASADO C / VACIO EXP.;4;L3 P ALTA/SIERRA/MONTE;16696.83258
"00000479;ASADO C / VACIO EXP.;53;MD;0.00000
"00000480;ASADO EXP. RECORTADO EN CAJA;41;L41 ENV AL VACIO;0.00000
"00000480;ASADO EXP. RECORTADO EN CAJA;2;L2 VILLARINO;0.00000
"00000480;ASADO EXP. RECORTADO EN CAJA;52;PM MEAT CHAIN BONARENSE;0.00000
"00000480;ASADO EXP. RECORTADO EN CAJA;4;L3 P ALTA/SIERRA/MONTE;0.00000
"00000480;ASADO EXP. RECORTADO EN CAJA;53;MD;0.00000
"00000480;ASADO EXP. RECORTADO EN CAJA;26;L60 TOTO SAPORE;0.00000
"00000480;ASADO EXP. RECORTADO EN CAJA;54;USUARIO FAENA  BBCA;0.00000
"00000480;ASADO EXP. RECORTADO EN CAJA;55;L55 MARTIN LISTA;0.00000
"00000480;ASADO EXP. RECORTADO EN CAJA;1;L1 COMERCIO;0.00000
"00000468;CUARTO VAC. PESADO;54;USUARIO FAENA  BBCA;0.00000
"00000468;CUARTO VAC. PESADO;55;L55 MARTIN LISTA;0.00000
"00000468;CUARTO VAC. PESADO;1;L1 COMERCIO;0.00000
"00000468;CUARTO VAC. PESADO;41;L41 ENV AL VACIO;0.00000
"00000468;CUARTO VAC. PESADO;2;L2 VILLARINO;0.00000
"00000468;CUARTO VAC. PESADO;52;PM MEAT CHAIN BONARENSE;0.00000
"00000468;CUARTO VAC. PESADO;4;L3 P ALTA/SIERRA/MONTE;0.00000
"00000468;CUARTO VAC. PESADO;53;MD;0.00000
"00000468;CUARTO VAC. PESADO;26;L60 TOTO SAPORE;0.00000
"00000322;CHURRASQUITO DE CERDO;4;L3 P ALTA/SIERRA/MONTE;12542.99200
"00000322;CHURRASQUITO DE CERDO;53;MD;0.00000
"00000322;CHURRASQUITO DE CERDO;26;L60 TOTO SAPORE;0.00000
"00000322;CHURRASQUITO DE CERDO;54;USUARIO FAENA  BBCA;0.00000
"00000322;CHURRASQUITO DE CERDO;1;L1 COMERCIO;12542.99200
"00000322;CHURRASQUITO DE CERDO;41;L41 ENV AL VACIO;0.00000
"00000322;CHURRASQUITO DE CERDO;55;L55 MARTIN LISTA;9877.60400
"00000322;CHURRASQUITO DE CERDO;2;L2 VILLARINO;12542.99200
"00000322;CHURRASQUITO DE CERDO;52;PM MEAT CHAIN BONARENSE;9877.60400
"00000114;CHORIZO DE CORDERO;4;L3 P ALTA/SIERRA/MONTE;16520.66116
"00000114;CHORIZO DE CORDERO;53;MD;0.00000
"00000114;CHORIZO DE CORDERO;26;L60 TOTO SAPORE;0.00000
"00000114;CHORIZO DE CORDERO;54;USUARIO FAENA  BBCA;0.00000
"00000114;CHORIZO DE CORDERO;1;L1 COMERCIO;16520.66116
"00000114;CHORIZO DE CORDERO;41;L41 ENV AL VACIO;0.00000
"00000114;CHORIZO DE CORDERO;55;L55 MARTIN LISTA;0.00000
"00000114;CHORIZO DE CORDERO;2;L2 VILLARINO;16520.66116
"00000114;CHORIZO DE CORDERO;52;PM MEAT CHAIN BONARENSE;0.00000
"00000481;T-BONE;55;L55 MARTIN LISTA;0.00000
"00000481;T-BONE;2;L2 VILLARINO;0.00000
"00000481;T-BONE;52;PM MEAT CHAIN BONARENSE;0.00000
"00000481;T-BONE;4;L3 P ALTA/SIERRA/MONTE;0.00000
"00000481;T-BONE;53;MD;0.00000
"00000481;T-BONE;26;L60 TOTO SAPORE;0.00000
"00000481;T-BONE;54;USUARIO FAENA  BBCA;0.00000
"00000481;T-BONE;1;L1 COMERCIO;0.00000
"00000481;T-BONE;41;L41 ENV AL VACIO;0.00000
"00000482;TOMAHAWK;26;L60 TOTO SAPORE;0.00000
"00000482;TOMAHAWK;54;USUARIO FAENA  BBCA;0.00000
"00000482;TOMAHAWK;1;L1 COMERCIO;0.00000
"00000482;TOMAHAWK;41;L41 ENV AL VACIO;0.00000
"00000482;TOMAHAWK;55;L55 MARTIN LISTA;0.00000
"00000482;TOMAHAWK;2;L2 VILLARINO;0.00000
"00000482;TOMAHAWK;52;PM MEAT CHAIN BONARENSE;0.00000
"00000482;TOMAHAWK;4;L3 P ALTA/SIERRA/MONTE;0.00000
"00000482;TOMAHAWK;53;MD;0.00000
"00000483;BIFE DE VACIO;52;PM MEAT CHAIN BONARENSE;0.00000
"00000483;BIFE DE VACIO;4;L3 P ALTA/SIERRA/MONTE;0.00000
"00000483;BIFE DE VACIO;53;MD;0.00000
"00000483;BIFE DE VACIO;26;L60 TOTO SAPORE;0.00000
"00000483;BIFE DE VACIO;54;USUARIO FAENA  BBCA;0.00000
"00000483;BIFE DE VACIO;1;L1 COMERCIO;0.00000
"00000483;BIFE DE VACIO;41;L41 ENV AL VACIO;0.00000
"00000483;BIFE DE VACIO;55;L55 MARTIN LISTA;0.00000
"00000483;BIFE DE VACIO;2;L2 VILLARINO;0.00000
"00000484;ASADO BANDERITA;1;L1 COMERCIO;0.00000
"00000484;ASADO BANDERITA;41;L41 ENV AL VACIO;0.00000
"00000484;ASADO BANDERITA;55;L55 MARTIN LISTA;0.00000
"00000484;ASADO BANDERITA;2;L2 VILLARINO;0.00000
"00000484;ASADO BANDERITA;52;PM MEAT CHAIN BONARENSE;0.00000
"00000484;ASADO BANDERITA;4;L3 P ALTA/SIERRA/MONTE;0.00000
"00000484;ASADO BANDERITA;53;MD;0.00000
"00000484;ASADO BANDERITA;26;L60 TOTO SAPORE;0.00000
"00000484;ASADO BANDERITA;54;USUARIO FAENA  BBCA;0.00000
